image_names,age_labels
3950.jpg,37
1272.jpg,33
14384.jpg,30
18501.jpg,36
3165.jpg,26
15793.jpg,37
9796.jpg,31
19588.jpg,33
15952.jpg,39
14722.jpg,38
13164.jpg,31
19028.jpg,30
2145.jpg,37
18815.jpg,33
10383.jpg,35
4032.jpg,34
15363.jpg,37
11155.jpg,30
19158.jpg,28
17399.jpg,33
17551.jpg,29
9299.jpg,32
1968.jpg,38
6136.jpg,37
5963.jpg,36
4309.jpg,33
15351.jpg,35
9586.jpg,37
10454.jpg,37
16323.jpg,28
19596.jpg,43
6978.jpg,37
484.jpg,34
16451.jpg,40
3894.jpg,36
11946.jpg,37
13845.jpg,37
15608.jpg,34
503.jpg,28
13690.jpg,34
12952.jpg,29
17906.jpg,37
15469.jpg,34
2361.jpg,37
3210.jpg,34
17051.jpg,33
1034.jpg,32
11743.jpg,35
2754.jpg,31
14811.jpg,41
8925.jpg,32
1052.jpg,36
5719.jpg,33
10104.jpg,32
10365.jpg,32
16956.jpg,38
7486.jpg,35
4819.jpg,28
4520.jpg,31
5804.jpg,35
13195.jpg,38
17557.jpg,35
15675.jpg,34
4304.jpg,36
3488.jpg,40
3848.jpg,34
2420.jpg,33
9006.jpg,33
16981.jpg,30
11244.jpg,29
10639.jpg,32
12010.jpg,37
1493.jpg,30
12369.jpg,30
13027.jpg,32
8670.jpg,36
12767.jpg,35
4574.jpg,34
12628.jpg,36
385.jpg,31
1346.jpg,38
14130.jpg,27
2783.jpg,35
6110.jpg,32
17691.jpg,28
16876.jpg,35
438.jpg,31
4667.jpg,31
18278.jpg,34
322.jpg,36
12004.jpg,34
8939.jpg,30
11018.jpg,32
5090.jpg,34
17876.jpg,35
9845.jpg,34
4170.jpg,34
11982.jpg,37
971.jpg,32
6808.jpg,33
4894.jpg,33
16306.jpg,32
13410.jpg,33
8358.jpg,32
17631.jpg,32
1456.jpg,39
16508.jpg,30
19342.jpg,35
10157.jpg,32
3274.jpg,29
12467.jpg,36
19765.jpg,36
4021.jpg,32
2585.jpg,30
13604.jpg,33
11605.jpg,40
11499.jpg,35
1147.jpg,33
7305.jpg,39
15891.jpg,38
14575.jpg,35
19064.jpg,40
8466.jpg,34
6248.jpg,34
18337.jpg,30
14335.jpg,30
7930.jpg,34
8238.jpg,35
15278.jpg,27
17814.jpg,33
19274.jpg,34
19376.jpg,29
7294.jpg,36
15101.jpg,34
11144.jpg,39
16953.jpg,30
10952.jpg,38
12754.jpg,39
10373.jpg,31
5224.jpg,33
8700.jpg,34
12029.jpg,35
3268.jpg,24
10168.jpg,34
5059.jpg,32
1729.jpg,36
13954.jpg,35
19838.jpg,34
18325.jpg,30
7895.jpg,34
19642.jpg,34
10423.jpg,34
351.jpg,25
18526.jpg,35
16987.jpg,23
13581.jpg,31
11074.jpg,28
8043.jpg,34
10545.jpg,33
16770.jpg,31
7913.jpg,29
7899.jpg,38
8492.jpg,26
18951.jpg,32
10316.jpg,32
10322.jpg,34
4448.jpg,36
11051.jpg,29
15818.jpg,31
12970.jpg,30
9202.jpg,30
4914.jpg,35
4265.jpg,37
3784.jpg,36
12968.jpg,28
17569.jpg,33
13899.jpg,28
15774.jpg,37
8731.jpg,33
13186.jpg,33
16785.jpg,33
15681.jpg,34
19692.jpg,33
11806.jpg,35
5566.jpg,30
11195.jpg,32
8843.jpg,36
6602.jpg,32
1084.jpg,36
16268.jpg,31
17723.jpg,38
9500.jpg,35
8766.jpg,32
17476.jpg,38
10842.jpg,34
14802.jpg,35
10835.jpg,36
4772.jpg,34
15395.jpg,31
19538.jpg,31
8093.jpg,31
341.jpg,31
12898.jpg,36
17991.jpg,32
1290.jpg,34
8764.jpg,34
738.jpg,33
928.jpg,32
7302.jpg,33
5971.jpg,32
2247.jpg,38
17388.jpg,34
13432.jpg,31
14202.jpg,36
10146.jpg,26
5379.jpg,35
4447.jpg,38
6677.jpg,34
9870.jpg,30
16419.jpg,28
10628.jpg,32
8629.jpg,31
19548.jpg,36
16814.jpg,36
19116.jpg,27
2195.jpg,34
7049.jpg,35
12037.jpg,30
12255.jpg,39
10346.jpg,26
13698.jpg,36
6826.jpg,45
19215.jpg,39
16403.jpg,33
856.jpg,36
6876.jpg,43
16226.jpg,26
3529.jpg,34
2111.jpg,40
9457.jpg,38
18124.jpg,27
19020.jpg,38
3485.jpg,39
16107.jpg,36
16815.jpg,31
14121.jpg,28
19204.jpg,27
960.jpg,30
18793.jpg,33
12585.jpg,32
13999.jpg,33
7317.jpg,29
8473.jpg,24
12416.jpg,30
4977.jpg,38
8973.jpg,35
8295.jpg,35
5689.jpg,36
8423.jpg,35
18324.jpg,36
12779.jpg,34
4186.jpg,35
13302.jpg,37
16816.jpg,39
9854.jpg,31
718.jpg,30
4966.jpg,28
3481.jpg,38
12513.jpg,31
5513.jpg,36
15044.jpg,35
2549.jpg,31
4653.jpg,31
11097.jpg,46
8805.jpg,33
12818.jpg,31
7047.jpg,33
4671.jpg,44
2730.jpg,34
6700.jpg,32
17226.jpg,29
6549.jpg,36
5589.jpg,34
11201.jpg,32
14068.jpg,28
16557.jpg,36
12663.jpg,36
5770.jpg,36
18097.jpg,31
15840.jpg,37
6925.jpg,26
936.jpg,31
10884.jpg,38
6244.jpg,35
451.jpg,30
16863.jpg,28
14547.jpg,31
14651.jpg,27
115.jpg,32
9092.jpg,34
14329.jpg,32
5742.jpg,30
4438.jpg,28
14118.jpg,33
13811.jpg,35
11840.jpg,41
12507.jpg,33
3755.jpg,34
12798.jpg,31
9564.jpg,35
17376.jpg,35
3509.jpg,32
11219.jpg,29
2065.jpg,23
2624.jpg,31
19564.jpg,32
17079.jpg,31
9529.jpg,30
10120.jpg,32
7655.jpg,35
6660.jpg,35
18664.jpg,30
8088.jpg,33
16947.jpg,30
11330.jpg,31
17591.jpg,30
15687.jpg,33
8935.jpg,32
2405.jpg,51
10217.jpg,39
18212.jpg,35
9827.jpg,30
409.jpg,33
16915.jpg,29
10536.jpg,33
14091.jpg,34
5377.jpg,36
13465.jpg,40
10191.jpg,30
4291.jpg,45
12397.jpg,32
10133.jpg,36
11953.jpg,35
5149.jpg,25
12603.jpg,28
15288.jpg,40
16543.jpg,31
10512.jpg,47
8443.jpg,33
9981.jpg,31
15142.jpg,31
5943.jpg,40
4450.jpg,31
3975.jpg,37
11321.jpg,36
5887.jpg,38
4556.jpg,31
8336.jpg,29
15443.jpg,33
10212.jpg,37
10479.jpg,32
10052.jpg,29
218.jpg,30
16758.jpg,34
9905.jpg,30
3429.jpg,37
18252.jpg,28
13676.jpg,33
19239.jpg,37
7934.jpg,35
11765.jpg,34
9863.jpg,35
11127.jpg,31
12558.jpg,28
12741.jpg,30
1554.jpg,36
4219.jpg,34
8570.jpg,41
13683.jpg,38
2325.jpg,35
3073.jpg,30
9478.jpg,29
9397.jpg,33
13883.jpg,34
1611.jpg,29
11307.jpg,32
15306.jpg,32
326.jpg,34
9855.jpg,33
12111.jpg,28
11564.jpg,25
313.jpg,33
16945.jpg,32
15133.jpg,33
18179.jpg,39
19081.jpg,33
251.jpg,31
17839.jpg,40
13546.jpg,28
12792.jpg,29
1768.jpg,33
6350.jpg,34
15162.jpg,35
2935.jpg,33
8132.jpg,34
16076.jpg,33
2346.jpg,33
6267.jpg,39
8318.jpg,36
16392.jpg,32
13400.jpg,35
13378.jpg,27
19160.jpg,37
12214.jpg,28
6512.jpg,35
8868.jpg,31
2703.jpg,32
7878.jpg,33
16988.jpg,36
10072.jpg,31
3366.jpg,27
8956.jpg,35
15505.jpg,33
6076.jpg,29
11643.jpg,34
18395.jpg,31
17581.jpg,30
12349.jpg,32
8176.jpg,38
4548.jpg,33
19528.jpg,37
2743.jpg,37
13181.jpg,28
19152.jpg,28
8980.jpg,34
980.jpg,25
4852.jpg,31
9002.jpg,34
11901.jpg,38
8840.jpg,31
11955.jpg,33
2948.jpg,34
9575.jpg,31
17402.jpg,28
18514.jpg,29
18262.jpg,31
16957.jpg,33
11036.jpg,30
19777.jpg,28
16037.jpg,30
8141.jpg,38
16375.jpg,30
11912.jpg,32
14917.jpg,34
15076.jpg,34
6402.jpg,27
7301.jpg,33
3710.jpg,33
17705.jpg,34
4286.jpg,36
13382.jpg,32
11640.jpg,30
11226.jpg,32
17092.jpg,31
11914.jpg,28
2238.jpg,27
10448.jpg,31
6562.jpg,37
2232.jpg,37
9128.jpg,33
13611.jpg,37
2998.jpg,37
4269.jpg,32
2315.jpg,36
2959.jpg,33
10098.jpg,27
9526.jpg,42
6473.jpg,33
8247.jpg,41
10532.jpg,30
2794.jpg,29
13313.jpg,33
12344.jpg,29
11149.jpg,30
12409.jpg,34
4547.jpg,38
3169.jpg,33
5980.jpg,36
13142.jpg,33
1901.jpg,29
3143.jpg,27
16414.jpg,31
12186.jpg,35
17874.jpg,38
6662.jpg,28
2085.jpg,36
14648.jpg,34
2265.jpg,32
13056.jpg,40
6983.jpg,32
12725.jpg,30
17490.jpg,31
9234.jpg,27
2503.jpg,37
11299.jpg,34
14386.jpg,31
16258.jpg,34
13812.jpg,31
3635.jpg,33
16415.jpg,34
11967.jpg,32
8349.jpg,32
5638.jpg,35
6909.jpg,32
6307.jpg,38
15016.jpg,34
14143.jpg,31
19489.jpg,31
11557.jpg,32
12419.jpg,35
828.jpg,39
19150.jpg,26
15732.jpg,29
2677.jpg,32
4068.jpg,32
11525.jpg,31
8977.jpg,34
15957.jpg,32
17804.jpg,33
1092.jpg,36
16416.jpg,34
8351.jpg,46
7395.jpg,32
14632.jpg,28
4978.jpg,32
19520.jpg,34
2388.jpg,32
16541.jpg,30
9384.jpg,39
5647.jpg,32
8568.jpg,32
18695.jpg,34
11324.jpg,38
3852.jpg,33
10864.jpg,33
16856.jpg,36
4201.jpg,35
424.jpg,31
15188.jpg,37
3472.jpg,34
1713.jpg,37
13978.jpg,38
19742.jpg,36
5548.jpg,39
1905.jpg,39
1705.jpg,33
12932.jpg,31
2112.jpg,35
3048.jpg,32
13867.jpg,35
10809.jpg,38
6355.jpg,37
16484.jpg,33
16287.jpg,31
7920.jpg,25
11056.jpg,33
19143.jpg,33
6497.jpg,36
5102.jpg,30
4605.jpg,32
17050.jpg,32
7163.jpg,31
18731.jpg,32
17145.jpg,32
6179.jpg,36
8059.jpg,31
13995.jpg,36
8229.jpg,39
3323.jpg,26
13387.jpg,28
12340.jpg,39
11656.jpg,34
14352.jpg,33
1350.jpg,32
12296.jpg,37
14732.jpg,34
11506.jpg,33
2930.jpg,37
4318.jpg,32
17437.jpg,35
4622.jpg,33
7988.jpg,29
11746.jpg,34
3376.jpg,32
13499.jpg,37
14675.jpg,31
17371.jpg,31
8913.jpg,29
13536.jpg,27
15460.jpg,34
13419.jpg,30
19584.jpg,31
15969.jpg,32
17035.jpg,32
5883.jpg,27
13831.jpg,32
11988.jpg,33
10679.jpg,37
1114.jpg,25
17617.jpg,32
19397.jpg,32
13421.jpg,32
1994.jpg,30
5485.jpg,25
13590.jpg,32
221.jpg,30
13118.jpg,32
4352.jpg,27
6822.jpg,28
16659.jpg,33
210.jpg,33
19093.jpg,36
499.jpg,31
2797.jpg,34
1337.jpg,27
1443.jpg,32
8829.jpg,31
180.jpg,38
8619.jpg,35
2480.jpg,34
14080.jpg,35
19271.jpg,37
15645.jpg,35
1815.jpg,32
19454.jpg,35
466.jpg,35
2973.jpg,30
59.jpg,35
9270.jpg,37
14729.jpg,28
3703.jpg,26
7270.jpg,36
13094.jpg,28
15370.jpg,34
5391.jpg,38
8437.jpg,35
10915.jpg,32
13052.jpg,33
13671.jpg,33
3265.jpg,34
17131.jpg,31
13036.jpg,33
6506.jpg,24
4720.jpg,29
10520.jpg,26
15210.jpg,31
5183.jpg,30
2812.jpg,34
5923.jpg,39
17639.jpg,32
12348.jpg,35
13267.jpg,32
7696.jpg,38
1522.jpg,32
19061.jpg,31
13641.jpg,34
19207.jpg,35
19666.jpg,33
6268.jpg,33
3545.jpg,36
14543.jpg,34
2235.jpg,35
200.jpg,30
2119.jpg,34
18873.jpg,35
10711.jpg,31
9298.jpg,26
1512.jpg,33
17269.jpg,40
10708.jpg,37
5601.jpg,35
15500.jpg,38
11879.jpg,34
6590.jpg,33
7752.jpg,31
18443.jpg,33
13768.jpg,28
13646.jpg,41
7353.jpg,30
3315.jpg,33
2864.jpg,36
16101.jpg,25
13817.jpg,30
6069.jpg,33
19608.jpg,32
11096.jpg,26
3171.jpg,34
5020.jpg,34
803.jpg,33
4356.jpg,32
3525.jpg,37
19590.jpg,33
15252.jpg,31
3528.jpg,31
8631.jpg,29
4391.jpg,32
11632.jpg,29
7671.jpg,30
2199.jpg,31
14938.jpg,32
1077.jpg,35
4084.jpg,37
17954.jpg,38
9547.jpg,32
6424.jpg,26
18825.jpg,35
7816.jpg,33
8303.jpg,32
8309.jpg,36
18632.jpg,36
7569.jpg,32
5446.jpg,36
7946.jpg,40
8583.jpg,33
3213.jpg,31
14809.jpg,34
17392.jpg,32
17205.jpg,36
10062.jpg,39
5859.jpg,33
15145.jpg,33
5186.jpg,33
6063.jpg,36
16432.jpg,29
5754.jpg,31
10901.jpg,32
13343.jpg,36
16501.jpg,36
9084.jpg,33
11402.jpg,37
9653.jpg,34
18508.jpg,33
9214.jpg,37
1087.jpg,36
11719.jpg,34
18147.jpg,50
3077.jpg,25
17425.jpg,32
7402.jpg,27
10510.jpg,29
2414.jpg,31
14481.jpg,34
10935.jpg,48
5893.jpg,36
5998.jpg,30
7627.jpg,34
14485.jpg,29
8892.jpg,33
16587.jpg,40
10437.jpg,32
14358.jpg,37
18842.jpg,40
6647.jpg,35
15005.jpg,37
18099.jpg,25
3341.jpg,36
16786.jpg,32
11068.jpg,35
19636.jpg,39
3979.jpg,33
12085.jpg,32
10607.jpg,45
14666.jpg,32
18393.jpg,37
1624.jpg,29
15647.jpg,31
6695.jpg,30
9159.jpg,41
6114.jpg,33
7443.jpg,35
18845.jpg,32
13298.jpg,33
17841.jpg,34
5903.jpg,33
7425.jpg,34
18915.jpg,34
1962.jpg,26
14054.jpg,34
14058.jpg,30
7459.jpg,30
13846.jpg,28
19790.jpg,34
1027.jpg,35
2796.jpg,39
19263.jpg,31
4031.jpg,30
7536.jpg,34
16793.jpg,35
1355.jpg,41
10331.jpg,27
9514.jpg,34
2150.jpg,35
18800.jpg,32
10337.jpg,33
13592.jpg,33
16289.jpg,35
12683.jpg,31
17241.jpg,27
1606.jpg,30
7341.jpg,31
3208.jpg,32
10795.jpg,33
17519.jpg,31
88.jpg,40
10285.jpg,36
5474.jpg,33
7029.jpg,41
15794.jpg,28
7821.jpg,31
8355.jpg,37
8048.jpg,35
14591.jpg,31
6407.jpg,36
3035.jpg,34
7711.jpg,36
5005.jpg,32
11919.jpg,29
19230.jpg,34
6164.jpg,36
2605.jpg,33
11396.jpg,30
8379.jpg,46
2221.jpg,33
11293.jpg,37
6810.jpg,31
3643.jpg,31
14078.jpg,35
9185.jpg,40
16245.jpg,32
7808.jpg,42
18241.jpg,36
16164.jpg,37
8915.jpg,34
8503.jpg,33
3974.jpg,30
8657.jpg,31
5182.jpg,28
1527.jpg,34
19549.jpg,27
1430.jpg,28
16007.jpg,27
10424.jpg,26
11890.jpg,37
4509.jpg,37
2189.jpg,32
12655.jpg,39
19847.jpg,33
16954.jpg,28
9767.jpg,34
10645.jpg,33
7462.jpg,34
15683.jpg,36
19189.jpg,33
257.jpg,32
1282.jpg,39
15332.jpg,36
4024.jpg,32
8981.jpg,33
11585.jpg,33
19425.jpg,36
4442.jpg,31
5227.jpg,44
16493.jpg,32
16697.jpg,27
19232.jpg,31
6388.jpg,37
7369.jpg,34
13199.jpg,33
12751.jpg,31
17880.jpg,27
9778.jpg,32
12384.jpg,37
9347.jpg,28
6584.jpg,34
16702.jpg,33
17361.jpg,31
346.jpg,35
9172.jpg,36
4119.jpg,31
4058.jpg,31
11730.jpg,28
8063.jpg,28
4337.jpg,33
1182.jpg,35
10071.jpg,31
6977.jpg,28
18293.jpg,33
11716.jpg,35
10419.jpg,37
9147.jpg,30
16357.jpg,36
17504.jpg,33
18668.jpg,30
9835.jpg,35
14528.jpg,37
13958.jpg,32
1534.jpg,41
18317.jpg,30
15225.jpg,38
3503.jpg,37
8164.jpg,33
15442.jpg,37
17249.jpg,30
13874.jpg,38
1510.jpg,34
18889.jpg,33
11899.jpg,35
2140.jpg,33
2760.jpg,33
1710.jpg,36
1580.jpg,38
17466.jpg,36
103.jpg,31
15658.jpg,33
9237.jpg,33
2626.jpg,35
127.jpg,38
13857.jpg,37
8616.jpg,31
10979.jpg,32
2714.jpg,38
1599.jpg,30
3458.jpg,32
17800.jpg,36
3559.jpg,29
10733.jpg,34
14336.jpg,28
119.jpg,32
9245.jpg,30
15022.jpg,34
16091.jpg,43
2277.jpg,32
1632.jpg,31
16763.jpg,33
18391.jpg,31
3912.jpg,36
14752.jpg,34
5306.jpg,34
9109.jpg,37
10254.jpg,31
8058.jpg,32
6532.jpg,28
11660.jpg,35
15412.jpg,28
3011.jpg,35
13609.jpg,37
2937.jpg,33
4525.jpg,32
3111.jpg,30
4404.jpg,27
17201.jpg,36
5034.jpg,24
13732.jpg,28
13786.jpg,30
13658.jpg,38
14848.jpg,35
18118.jpg,34
57.jpg,42
2647.jpg,38
7794.jpg,36
8083.jpg,29
17815.jpg,32
8850.jpg,38
14401.jpg,32
14895.jpg,31
10650.jpg,32
10653.jpg,27
12916.jpg,33
11747.jpg,29
4842.jpg,38
15057.jpg,28
10882.jpg,26
8468.jpg,33
2676.jpg,39
4229.jpg,35
9125.jpg,32
3062.jpg,37
12064.jpg,31
10170.jpg,31
2616.jpg,34
19276.jpg,35
2859.jpg,41
11537.jpg,30
1419.jpg,34
11963.jpg,34
4373.jpg,31
18665.jpg,33
8142.jpg,29
18171.jpg,35
15490.jpg,39
2214.jpg,37
11358.jpg,29
5071.jpg,30
5250.jpg,31
6275.jpg,31
18405.jpg,34
7223.jpg,31
379.jpg,32
5762.jpg,34
878.jpg,30
11266.jpg,35
3269.jpg,34
11856.jpg,39
5222.jpg,33
2117.jpg,33
10134.jpg,34
15916.jpg,35
12631.jpg,40
4984.jpg,32
17188.jpg,30
18555.jpg,34
10048.jpg,31
1981.jpg,31
12480.jpg,34
15439.jpg,34
13345.jpg,37
8870.jpg,36
15932.jpg,36
11188.jpg,33
5357.jpg,24
14959.jpg,35
911.jpg,28
5456.jpg,29
5736.jpg,30
14863.jpg,30
19245.jpg,33
3002.jpg,29
7911.jpg,35
11802.jpg,29
11616.jpg,34
4983.jpg,28
10051.jpg,32
5371.jpg,36
8909.jpg,34
17483.jpg,38
17460.jpg,38
8237.jpg,30
13035.jpg,33
1535.jpg,34
16551.jpg,34
7231.jpg,36
11888.jpg,36
16550.jpg,39
16504.jpg,34
17643.jpg,35
16491.jpg,31
13905.jpg,34
4590.jpg,34
8932.jpg,33
11784.jpg,27
15436.jpg,36
7502.jpg,37
4226.jpg,37
8287.jpg,34
18496.jpg,41
6271.jpg,35
15269.jpg,34
3857.jpg,31
10919.jpg,41
10034.jpg,37
3656.jpg,36
7765.jpg,26
3.jpg,35
8928.jpg,32
18313.jpg,31
6872.jpg,35
3023.jpg,32
11508.jpg,33
2141.jpg,36
19338.jpg,30
344.jpg,37
9086.jpg,35
1704.jpg,37
9483.jpg,25
15154.jpg,32
19262.jpg,33
3532.jpg,37
10359.jpg,34
19344.jpg,34
42.jpg,30
3277.jpg,33
3125.jpg,35
795.jpg,36
3295.jpg,28
11958.jpg,33
12493.jpg,33
14457.jpg,27
14046.jpg,39
4449.jpg,30
4602.jpg,36
13508.jpg,35
13435.jpg,33
8914.jpg,37
46.jpg,40
19701.jpg,33
7931.jpg,36
11282.jpg,32
10551.jpg,33
8552.jpg,34
6389.jpg,32
12305.jpg,31
8143.jpg,32
11773.jpg,31
10869.jpg,35
2312.jpg,34
14510.jpg,33
7912.jpg,36
4828.jpg,31
3468.jpg,39
16833.jpg,38
10446.jpg,39
4046.jpg,38
5117.jpg,32
6955.jpg,34
18427.jpg,29
1402.jpg,29
13008.jpg,38
10665.jpg,42
10632.jpg,34
9618.jpg,38
9740.jpg,37
14298.jpg,34
4461.jpg,34
17542.jpg,38
7038.jpg,34
8860.jpg,31
8958.jpg,33
3233.jpg,34
4949.jpg,30
4445.jpg,36
16980.jpg,40
11959.jpg,32
4724.jpg,38
9593.jpg,31
2766.jpg,33
2308.jpg,39
2008.jpg,31
10656.jpg,37
15214.jpg,34
15298.jpg,34
708.jpg,34
7293.jpg,37
14947.jpg,31
17808.jpg,35
688.jpg,39
15362.jpg,36
7261.jpg,34
5407.jpg,31
2041.jpg,31
4189.jpg,33
10575.jpg,33
16286.jpg,35
12860.jpg,30
6741.jpg,28
18336.jpg,31
9658.jpg,31
13285.jpg,38
11841.jpg,34
8387.jpg,39
16507.jpg,32
7552.jpg,33
7534.jpg,30
11868.jpg,36
5996.jpg,32
9201.jpg,33
7319.jpg,41
2034.jpg,37
16262.jpg,33
19513.jpg,29
10760.jpg,31
13297.jpg,28
9042.jpg,35
15800.jpg,31
10513.jpg,37
11945.jpg,33
4339.jpg,32
9025.jpg,33
12985.jpg,32
13024.jpg,31
11191.jpg,30
4750.jpg,30
17115.jpg,33
13906.jpg,31
2545.jpg,33
14718.jpg,31
12705.jpg,42
2698.jpg,31
8891.jpg,28
19478.jpg,33
8833.jpg,33
2578.jpg,36
5916.jpg,31
9450.jpg,32
13113.jpg,29
12026.jpg,31
13263.jpg,37
19844.jpg,45
7594.jpg,34
5099.jpg,28
3043.jpg,35
5290.jpg,30
3024.jpg,28
3844.jpg,35
3707.jpg,36
16466.jpg,38
1162.jpg,24
14793.jpg,36
13424.jpg,38
10275.jpg,33
6015.jpg,38
13030.jpg,35
2579.jpg,28
17834.jpg,30
15112.jpg,39
14461.jpg,34
15091.jpg,34
7134.jpg,33
16734.jpg,30
6846.jpg,39
6113.jpg,28
8698.jpg,34
1489.jpg,40
13150.jpg,27
8727.jpg,34
19305.jpg,23
18055.jpg,30
2910.jpg,32
13198.jpg,32
4049.jpg,35
10631.jpg,33
15462.jpg,37
563.jpg,32
16615.jpg,32
6066.jpg,44
2090.jpg,33
5248.jpg,36
10017.jpg,28
11105.jpg,38
19756.jpg,31
826.jpg,31
10821.jpg,37
17382.jpg,23
10804.jpg,26
9987.jpg,34
15651.jpg,32
290.jpg,32
9415.jpg,26
2678.jpg,33
14850.jpg,32
8658.jpg,38
3047.jpg,27
16823.jpg,33
4821.jpg,33
7442.jpg,31
13901.jpg,37
6006.jpg,33
3482.jpg,33
6384.jpg,32
4202.jpg,30
7033.jpg,34
19269.jpg,24
3000.jpg,30
14355.jpg,41
17877.jpg,35
15995.jpg,33
14454.jpg,34
5160.jpg,29
19708.jpg,36
1530.jpg,38
17612.jpg,31
19364.jpg,37
5115.jpg,37
1297.jpg,34
14233.jpg,31
4779.jpg,30
5999.jpg,35
18267.jpg,32
8852.jpg,29
7021.jpg,30
19444.jpg,37
8726.jpg,34
14310.jpg,38
10404.jpg,35
11414.jpg,32
13742.jpg,31
9728.jpg,24
1153.jpg,34
2334.jpg,36
2129.jpg,34
15595.jpg,29
8599.jpg,27
16720.jpg,38
16583.jpg,32
3310.jpg,32
11060.jpg,29
7530.jpg,30
12141.jpg,31
11941.jpg,33
6920.jpg,34
11823.jpg,30
6670.jpg,35
11039.jpg,32
9289.jpg,35
12902.jpg,36
4296.jpg,31
19533.jpg,31
17611.jpg,26
852.jpg,33
467.jpg,34
5635.jpg,36
11540.jpg,39
9902.jpg,29
13266.jpg,28
17904.jpg,35
18653.jpg,35
736.jpg,36
19283.jpg,31
11117.jpg,34
15588.jpg,37
9360.jpg,37
15419.jpg,31
450.jpg,27
10811.jpg,31
16242.jpg,34
2319.jpg,33
7361.jpg,29
19644.jpg,37
2252.jpg,29
2386.jpg,31
7781.jpg,35
17025.jpg,28
9672.jpg,35
1144.jpg,32
5018.jpg,23
14147.jpg,26
10791.jpg,38
16490.jpg,32
13243.jpg,38
3050.jpg,31
19773.jpg,31
12643.jpg,34
41.jpg,29
17252.jpg,35
16356.jpg,39
10461.jpg,31
10236.jpg,26
14469.jpg,32
4441.jpg,39
14826.jpg,38
2495.jpg,32
1123.jpg,34
5557.jpg,38
6879.jpg,34
4572.jpg,36
12038.jpg,30
19490.jpg,33
17410.jpg,35
12919.jpg,33
10528.jpg,32
5760.jpg,30
8253.jpg,36
18868.jpg,34
16913.jpg,37
9345.jpg,35
19349.jpg,34
6466.jpg,31
7665.jpg,30
35.jpg,28
6933.jpg,31
19757.jpg,36
10074.jpg,27
8317.jpg,35
10739.jpg,36
9639.jpg,36
2300.jpg,32
5631.jpg,31
6056.jpg,32
621.jpg,28
5815.jpg,18
18801.jpg,33
323.jpg,37
14970.jpg,31
9260.jpg,22
2177.jpg,32
3999.jpg,29
5143.jpg,28
18642.jpg,37
1227.jpg,32
17121.jpg,32
15131.jpg,34
6097.jpg,27
10241.jpg,30
5351.jpg,29
18217.jpg,34
1739.jpg,32
5948.jpg,34
12055.jpg,33
10140.jpg,29
11140.jpg,33
2020.jpg,33
15002.jpg,29
16027.jpg,32
16664.jpg,34
16413.jpg,33
17488.jpg,32
15786.jpg,34
14019.jpg,33
15797.jpg,34
6253.jpg,32
16175.jpg,34
11578.jpg,37
19612.jpg,31
1261.jpg,30
6377.jpg,33
18978.jpg,30
19254.jpg,30
10201.jpg,28
6088.jpg,38
11082.jpg,31
5478.jpg,38
1453.jpg,43
9273.jpg,37
6024.jpg,36
6434.jpg,32
16849.jpg,33
17248.jpg,30
2127.jpg,33
1747.jpg,34
13739.jpg,34
5658.jpg,29
15390.jpg,39
6235.jpg,37
8396.jpg,32
19461.jpg,40
2602.jpg,24
5702.jpg,40
4691.jpg,31
9585.jpg,34
9849.jpg,30
4168.jpg,35
423.jpg,35
11936.jpg,29
9760.jpg,27
15293.jpg,33
2301.jpg,36
14285.jpg,30
2968.jpg,27
19583.jpg,32
11852.jpg,30
4836.jpg,35
9869.jpg,35
13795.jpg,36
31.jpg,31
1911.jpg,28
13915.jpg,43
4073.jpg,32
19155.jpg,33
10249.jpg,28
12505.jpg,31
7947.jpg,35
17835.jpg,37
8730.jpg,39
11942.jpg,29
10315.jpg,29
9868.jpg,33
3070.jpg,36
1321.jpg,28
6932.jpg,33
10924.jpg,32
7810.jpg,35
6329.jpg,42
9414.jpg,33
15290.jpg,36
18164.jpg,33
18557.jpg,36
16912.jpg,36
8341.jpg,34
8596.jpg,36
11827.jpg,35
1429.jpg,34
11633.jpg,35
217.jpg,35
10101.jpg,35
11236.jpg,32
265.jpg,30
1396.jpg,32
11573.jpg,33
3222.jpg,41
7387.jpg,24
7497.jpg,35
18535.jpg,21
3608.jpg,33
10418.jpg,33
9391.jpg,36
13468.jpg,35
2207.jpg,37
15055.jpg,27
2512.jpg,39
3353.jpg,29
13316.jpg,38
12973.jpg,34
9563.jpg,31
5653.jpg,36
17195.jpg,35
15791.jpg,37
16900.jpg,32
17362.jpg,28
6672.jpg,32
14240.jpg,35
9800.jpg,34
3282.jpg,20
2929.jpg,40
1604.jpg,37
5332.jpg,29
7667.jpg,36
14173.jpg,37
3115.jpg,25
387.jpg,30
4074.jpg,37
14985.jpg,27
15073.jpg,34
2444.jpg,35
1035.jpg,41
17966.jpg,34
13033.jpg,39
4847.jpg,31
18254.jpg,34
14245.jpg,32
2805.jpg,29
3798.jpg,31
7854.jpg,28
7101.jpg,30
1163.jpg,36
11570.jpg,28
5908.jpg,34
4197.jpg,38
16069.jpg,35
17796.jpg,33
8019.jpg,33
10765.jpg,29
3702.jpg,28
3263.jpg,36
18936.jpg,35
3335.jpg,29
9418.jpg,36
14903.jpg,28
3725.jpg,33
15757.jpg,33
6526.jpg,26
6950.jpg,35
8359.jpg,38
17.jpg,29
1805.jpg,28
16911.jpg,30
1328.jpg,36
1444.jpg,35
19745.jpg,37
13706.jpg,36
705.jpg,33
278.jpg,32
6188.jpg,31
17318.jpg,35
18192.jpg,31
7708.jpg,31
13342.jpg,25
273.jpg,36
6180.jpg,29
18412.jpg,30
513.jpg,34
3958.jpg,33
15714.jpg,34
13563.jpg,30
10330.jpg,30
7511.jpg,31
4303.jpg,34
2043.jpg,31
2270.jpg,36
8270.jpg,34
8602.jpg,25
14399.jpg,33
4328.jpg,37
17176.jpg,43
13719.jpg,31
18177.jpg,33
7488.jpg,37
1807.jpg,34
17170.jpg,32
10452.jpg,33
15723.jpg,35
12883.jpg,36
1427.jpg,32
17431.jpg,30
17908.jpg,34
8477.jpg,35
14441.jpg,36
3585.jpg,35
14593.jpg,45
3059.jpg,31
5657.jpg,34
10125.jpg,35
6667.jpg,35
15488.jpg,30
11717.jpg,35
13724.jpg,38
5140.jpg,32
19726.jpg,32
6108.jpg,41
10862.jpg,38
14737.jpg,35
16267.jpg,29
5852.jpg,31
8231.jpg,34
2026.jpg,32
5174.jpg,37
14709.jpg,34
4034.jpg,35
2767.jpg,28
9834.jpg,32
15050.jpg,36
19871.jpg,32
4706.jpg,36
1692.jpg,37
14888.jpg,35
4880.jpg,30
476.jpg,31
6863.jpg,29
18408.jpg,33
15956.jpg,37
14483.jpg,37
17300.jpg,31
13205.jpg,35
8955.jpg,34
8066.jpg,33
6162.jpg,32
9818.jpg,34
11415.jpg,33
9538.jpg,35
14661.jpg,30
17940.jpg,33
6210.jpg,41
4504.jpg,33
7580.jpg,31
3886.jpg,36
4788.jpg,40
17716.jpg,34
12537.jpg,34
970.jpg,33
5771.jpg,29
14923.jpg,32
4980.jpg,34
17953.jpg,32
16222.jpg,39
18250.jpg,29
9671.jpg,35
9004.jpg,33
19121.jpg,32
16191.jpg,34
10029.jpg,26
4254.jpg,29
8610.jpg,36
11020.jpg,33
7268.jpg,29
4048.jpg,33
13980.jpg,27
9393.jpg,32
3572.jpg,30
3184.jpg,32
4505.jpg,40
5905.jpg,36
11257.jpg,32
3415.jpg,41
14829.jpg,39
2641.jpg,30
16962.jpg,29
733.jpg,31
14366.jpg,38
15115.jpg,28
17158.jpg,33
17086.jpg,34
7434.jpg,35
19408.jpg,34
2448.jpg,38
13735.jpg,28
11853.jpg,30
7556.jpg,29
3287.jpg,30
8803.jpg,34
2946.jpg,36
13022.jpg,33
14301.jpg,32
7514.jpg,34
18824.jpg,33
12680.jpg,37
4153.jpg,33
18603.jpg,29
5678.jpg,26
9390.jpg,29
18530.jpg,34
16825.jpg,33
13610.jpg,33
11026.jpg,35
14165.jpg,34
14598.jpg,27
15059.jpg,37
1978.jpg,33
11119.jpg,35
2380.jpg,33
4610.jpg,36
19768.jpg,38
14734.jpg,38
3474.jpg,39
15084.jpg,35
7438.jpg,37
3421.jpg,29
12878.jpg,33
6091.jpg,33
11622.jpg,37
7719.jpg,34
19582.jpg,32
15898.jpg,30
8474.jpg,30
15837.jpg,32
18581.jpg,36
7077.jpg,32
18561.jpg,29
19418.jpg,34
9742.jpg,33
19049.jpg,36
921.jpg,27
1086.jpg,32
12490.jpg,40
10224.jpg,35
17037.jpg,35
977.jpg,38
6482.jpg,34
2450.jpg,33
9698.jpg,39
651.jpg,36
18151.jpg,30
11872.jpg,29
1362.jpg,35
7449.jpg,33
4104.jpg,36
4462.jpg,29
7762.jpg,34
19863.jpg,40
18451.jpg,36
3800.jpg,31
5031.jpg,32
13093.jpg,31
10018.jpg,40
1288.jpg,30
9626.jpg,35
8439.jpg,33
19135.jpg,34
8345.jpg,35
6415.jpg,36
8034.jpg,33
2988.jpg,33
16135.jpg,35
8710.jpg,35
5933.jpg,30
10327.jpg,30
4013.jpg,37
2621.jpg,35
10480.jpg,32
327.jpg,32
2250.jpg,30
9437.jpg,34
5203.jpg,32
12499.jpg,28
12167.jpg,27
15678.jpg,33
9883.jpg,33
9592.jpg,31
17123.jpg,35
2519.jpg,27
16879.jpg,32
1383.jpg,30
18954.jpg,35
6733.jpg,33
5354.jpg,30
11198.jpg,34
1838.jpg,34
15908.jpg,36
8103.jpg,34
1712.jpg,41
11183.jpg,30
8600.jpg,29
3449.jpg,31
12257.jpg,38
17002.jpg,31
15784.jpg,28
15643.jpg,32
3964.jpg,27
19711.jpg,37
169.jpg,35
8902.jpg,33
19157.jpg,33
4110.jpg,31
16316.jpg,34
11067.jpg,41
16927.jpg,38
14647.jpg,32
4824.jpg,33
14001.jpg,36
7732.jpg,36
2876.jpg,26
19185.jpg,35
3142.jpg,29
14799.jpg,34
17637.jpg,34
7487.jpg,33
4007.jpg,27
18844.jpg,40
5112.jpg,32
4693.jpg,35
13491.jpg,26
16699.jpg,37
10611.jpg,29
2932.jpg,34
2712.jpg,32
18327.jpg,39
8883.jpg,32
10162.jpg,37
11044.jpg,33
9625.jpg,32
17983.jpg,33
7836.jpg,37
11900.jpg,36
4325.jpg,34
5259.jpg,41
13072.jpg,37
3204.jpg,29
17921.jpg,29
11548.jpg,31
7738.jpg,33
3595.jpg,33
3248.jpg,32
4072.jpg,33
4315.jpg,33
3686.jpg,52
2826.jpg,23
6492.jpg,38
19719.jpg,28
13976.jpg,34
17212.jpg,34
3298.jpg,30
18349.jpg,27
1397.jpg,39
18673.jpg,36
16006.jpg,30
6266.jpg,27
1006.jpg,36
19202.jpg,37
1862.jpg,37
19735.jpg,33
10958.jpg,30
14217.jpg,33
5685.jpg,38
4344.jpg,33
11471.jpg,38
6551.jpg,32
12890.jpg,36
1730.jpg,35
19402.jpg,28
8957.jpg,32
3106.jpg,32
6682.jpg,31
3230.jpg,34
14614.jpg,31
16219.jpg,29
4484.jpg,30
5100.jpg,27
8187.jpg,36
4783.jpg,35
16532.jpg,39
447.jpg,36
16582.jpg,34
9785.jpg,33
14156.jpg,28
5786.jpg,33
7306.jpg,31
3795.jpg,36
8608.jpg,31
14535.jpg,38
11250.jpg,33
16396.jpg,41
5412.jpg,33
6527.jpg,35
5225.jpg,29
6423.jpg,27
9630.jpg,26
17518.jpg,36
19380.jpg,35
14013.jpg,36
6132.jpg,34
5449.jpg,32
5723.jpg,31
6068.jpg,34
7495.jpg,34
4285.jpg,30
15765.jpg,27
4519.jpg,30
15058.jpg,28
2909.jpg,33
16830.jpg,30
12295.jpg,36
16771.jpg,38
15221.jpg,32
14580.jpg,38
17330.jpg,31
14697.jpg,39
17054.jpg,31
12334.jpg,33
3128.jpg,31
15705.jpg,40
8121.jpg,31
2554.jpg,31
10439.jpg,36
19611.jpg,33
11592.jpg,36
18219.jpg,31
13981.jpg,35
11658.jpg,33
8374.jpg,35
11107.jpg,36
3616.jpg,28
11507.jpg,32
9566.jpg,32
6583.jpg,37
10097.jpg,32
5864.jpg,32
6.jpg,31
6703.jpg,22
695.jpg,31
2748.jpg,29
14699.jpg,34
1347.jpg,37
8408.jpg,32
8460.jpg,35
4680.jpg,33
247.jpg,34
4954.jpg,35
12076.jpg,33
7286.jpg,36
6463.jpg,33
12101.jpg,35
13541.jpg,27
12980.jpg,32
8565.jpg,46
15001.jpg,33
8810.jpg,37
8342.jpg,35
15557.jpg,34
8823.jpg,31
6246.jpg,34
15471.jpg,39
13791.jpg,34
18479.jpg,28
18810.jpg,27
1023.jpg,32
15673.jpg,26
15308.jpg,34
4546.jpg,35
5116.jpg,32
4400.jpg,33
12378.jpg,38
2174.jpg,34
3578.jpg,35
18753.jpg,30
19595.jpg,38
18701.jpg,35
14912.jpg,38
8929.jpg,35
12837.jpg,29
9946.jpg,40
9983.jpg,29
19615.jpg,34
12492.jpg,29
12633.jpg,33
8807.jpg,34
9039.jpg,31
10429.jpg,40
5216.jpg,38
7936.jpg,36
5350.jpg,38
12321.jpg,35
8645.jpg,32
2830.jpg,29
18202.jpg,34
4871.jpg,32
13740.jpg,31
6586.jpg,31
9647.jpg,38
6753.jpg,34
2279.jpg,33
17653.jpg,31
8781.jpg,34
139.jpg,33
15518.jpg,38
16677.jpg,35
18623.jpg,30
12463.jpg,26
3941.jpg,34
13729.jpg,36
12163.jpg,30
16726.jpg,34
4128.jpg,32
558.jpg,24
9090.jpg,35
8686.jpg,33
13939.jpg,33
8509.jpg,29
11058.jpg,32
12159.jpg,39
8588.jpg,34
6392.jpg,32
4413.jpg,28
18517.jpg,36
17444.jpg,37
14012.jpg,34
8145.jpg,32
15729.jpg,38
12815.jpg,37
4600.jpg,31
12035.jpg,36
137.jpg,30
17659.jpg,31
16256.jpg,31
2740.jpg,26
11997.jpg,34
12845.jpg,27
17394.jpg,32
6442.jpg,30
4884.jpg,39
8685.jpg,39
12536.jpg,30
8537.jpg,36
7113.jpg,28
15475.jpg,43
2133.jpg,32
8086.jpg,33
2267.jpg,24
6323.jpg,36
17628.jpg,29
16753.jpg,35
3434.jpg,36
13207.jpg,39
7245.jpg,27
2084.jpg,36
5194.jpg,35
12461.jpg,35
4116.jpg,34
16365.jpg,28
13697.jpg,31
10159.jpg,36
1869.jpg,32
19578.jpg,30
15846.jpg,29
12307.jpg,33
17619.jpg,28
1199.jpg,29
3393.jpg,29
2392.jpg,34
3461.jpg,29
8546.jpg,31
715.jpg,36
7181.jpg,37
10119.jpg,33
13736.jpg,29
9935.jpg,29
19107.jpg,30
361.jpg,26
16132.jpg,44
18577.jpg,39
5000.jpg,35
14633.jpg,34
8285.jpg,38
15470.jpg,36
13894.jpg,31
14764.jpg,31
15170.jpg,35
18163.jpg,32
5928.jpg,34
4614.jpg,31
11582.jpg,35
1157.jpg,32
12958.jpg,29
16971.jpg,49
460.jpg,32
18382.jpg,24
16581.jpg,32
8013.jpg,32
291.jpg,33
7403.jpg,31
17787.jpg,30
9690.jpg,36
19355.jpg,33
13105.jpg,32
19188.jpg,30
12022.jpg,31
9619.jpg,35
10877.jpg,30
8204.jpg,33
7789.jpg,27
3352.jpg,37
18724.jpg,30
2571.jpg,30
2516.jpg,38
12025.jpg,34
17463.jpg,32
7375.jpg,35
17122.jpg,35
18725.jpg,33
8794.jpg,33
17742.jpg,29
7712.jpg,31
10633.jpg,33
7473.jpg,36
7250.jpg,32
230.jpg,31
8440.jpg,40
10507.jpg,35
15043.jpg,31
13175.jpg,33
10610.jpg,32
4258.jpg,30
15931.jpg,31
2771.jpg,26
5148.jpg,34
3993.jpg,30
13091.jpg,32
5199.jpg,36
6561.jpg,31
6259.jpg,34
15172.jpg,31
6631.jpg,31
3623.jpg,38
18823.jpg,40
17516.jpg,28
15242.jpg,41
3511.jpg,32
17277.jpg,32
16982.jpg,32
11009.jpg,29
14452.jpg,36
19813.jpg,32
4336.jpg,29
2879.jpg,30
12811.jpg,29
13303.jpg,24
3739.jpg,32
8607.jpg,28
7828.jpg,33
2393.jpg,31
14063.jpg,40
15302.jpg,28
14127.jpg,37
7066.jpg,35
9313.jpg,39
18295.jpg,31
11418.jpg,29
13278.jpg,38
4115.jpg,37
13454.jpg,35
3018.jpg,37
9594.jpg,31
1957.jpg,34
487.jpg,32
10054.jpg,35
2408.jpg,33
12559.jpg,33
9664.jpg,36
16203.jpg,37
13636.jpg,35
12636.jpg,34
13478.jpg,32
19144.jpg,32
3486.jpg,39
14720.jpg,33
12862.jpg,29
3502.jpg,34
17391.jpg,28
1020.jpg,30
2412.jpg,32
10333.jpg,33
16857.jpg,35
14149.jpg,36
4985.jpg,32
15703.jpg,26
19009.jpg,36
15874.jpg,29
15619.jpg,34
15164.jpg,38
16595.jpg,38
134.jpg,35
11758.jpg,31
18013.jpg,30
15676.jpg,27
15029.jpg,40
8756.jpg,36
16297.jpg,39
3633.jpg,39
8288.jpg,30
12086.jpg,30
10460.jpg,34
6734.jpg,32
19113.jpg,34
7900.jpg,27
9038.jpg,32
485.jpg,29
16079.jpg,37
967.jpg,34
13677.jpg,22
13444.jpg,38
9329.jpg,31
5211.jpg,31
7958.jpg,35
17535.jpg,26
2225.jpg,31
3704.jpg,30
3375.jpg,33
6557.jpg,35
2559.jpg,26
14374.jpg,38
13042.jpg,33
18957.jpg,31
10712.jpg,31
10730.jpg,33
4230.jpg,26
17788.jpg,34
5207.jpg,30
6650.jpg,33
5934.jpg,27
3256.jpg,37
14241.jpg,37
8010.jpg,39
6153.jpg,31
19468.jpg,35
17321.jpg,33
9224.jpg,35
13797.jpg,37
5376.jpg,27
11235.jpg,36
3519.jpg,36
601.jpg,32
17386.jpg,30
18476.jpg,36
2699.jpg,32
13934.jpg,31
5272.jpg,35
2167.jpg,32
7551.jpg,37
7191.jpg,31
4069.jpg,36
13549.jpg,31
15862.jpg,35
6729.jpg,31
7051.jpg,33
16787.jpg,30
411.jpg,36
16584.jpg,32
5995.jpg,34
18754.jpg,38
7153.jpg,36
6228.jpg,33
11846.jpg,30
4936.jpg,33
2075.jpg,33
11102.jpg,34
17560.jpg,42
13779.jpg,23
7159.jpg,34
12829.jpg,33
4618.jpg,38
17971.jpg,41
13644.jpg,31
286.jpg,32
1323.jpg,36
17915.jpg,27
5687.jpg,32
9985.jpg,30
72.jpg,34
6138.jpg,35
410.jpg,33
7672.jpg,32
18761.jpg,30
19479.jpg,34
7428.jpg,32
12407.jpg,33
17829.jpg,36
14433.jpg,30
12568.jpg,36
8559.jpg,26
11215.jpg,39
5514.jpg,36
17894.jpg,30
3778.jpg,34
15227.jpg,36
13437.jpg,25
3921.jpg,34
5952.jpg,31
2298.jpg,33
7007.jpg,29
11008.jpg,29
15697.jpg,30
8878.jpg,29
19623.jpg,33
13291.jpg,32
18651.jpg,37
6067.jpg,37
10598.jpg,38
1071.jpg,28
12521.jpg,31
2483.jpg,41
19268.jpg,30
3910.jpg,32
12597.jpg,34
7625.jpg,38
7888.jpg,40
4436.jpg,25
9272.jpg,27
6173.jpg,31
13241.jpg,36
7247.jpg,31
18625.jpg,35
11043.jpg,31
7702.jpg,38
15628.jpg,34
11400.jpg,26
4178.jpg,42
4338.jpg,31
1731.jpg,33
11960.jpg,32
11913.jpg,38
697.jpg,41
1005.jpg,27
14411.jpg,28
11352.jpg,39
12864.jpg,34
18881.jpg,34
13588.jpg,37
7687.jpg,35
3843.jpg,35
1029.jpg,30
9910.jpg,36
7583.jpg,35
12519.jpg,33
9093.jpg,28
10881.jpg,31
8327.jpg,33
4877.jpg,32
18201.jpg,34
16579.jpg,28
11820.jpg,36
16479.jpg,36
6515.jpg,36
10182.jpg,32
2101.jpg,36
13942.jpg,37
101.jpg,34
9440.jpg,35
12223.jpg,32
11668.jpg,32
7559.jpg,37
7681.jpg,34
7315.jpg,34
19537.jpg,35
5865.jpg,30
18714.jpg,35
1664.jpg,29
13813.jpg,30
3522.jpg,32
1476.jpg,37
7284.jpg,32
19077.jpg,37
16828.jpg,37
635.jpg,33
817.jpg,40
13463.jpg,32
11420.jpg,35
17366.jpg,23
14606.jpg,34
8076.jpg,30
5468.jpg,31
707.jpg,38
7685.jpg,34
11625.jpg,33
6165.jpg,33
14320.jpg,37
3753.jpg,32
9276.jpg,31
836.jpg,28
14331.jpg,41
12267.jpg,41
15143.jpg,31
12007.jpg,32
16043.jpg,35
15190.jpg,31
11136.jpg,33
11796.jpg,34
2622.jpg,36
9734.jpg,28
13577.jpg,33
18831.jpg,30
1158.jpg,31
4702.jpg,32
2534.jpg,34
8585.jpg,30
2467.jpg,35
14549.jpg,38
123.jpg,35
1247.jpg,32
820.jpg,38
8604.jpg,28
15413.jpg,32
17359.jpg,40
14873.jpg,36
16426.jpg,36
8200.jpg,36
17324.jpg,31
4930.jpg,32
11071.jpg,40
9132.jpg,32
6871.jpg,32
17812.jpg,39
18316.jpg,36
10569.jpg,34
11072.jpg,31
17339.jpg,34
8337.jpg,39
11836.jpg,32
18146.jpg,35
9838.jpg,28
12516.jpg,37
963.jpg,38
17573.jpg,33
1959.jpg,38
17190.jpg,34
6292.jpg,32
13485.jpg,35
12689.jpg,28
15416.jpg,37
16279.jpg,31
8674.jpg,34
930.jpg,33
17223.jpg,25
15299.jpg,31
11610.jpg,38
12325.jpg,31
2152.jpg,30
4767.jpg,38
13589.jpg,30
927.jpg,31
10538.jpg,32
14583.jpg,29
4625.jpg,43
3068.jpg,34
15446.jpg,41
3733.jpg,33
12739.jpg,36
11893.jpg,32
13167.jpg,28
15049.jpg,27
14379.jpg,32
11270.jpg,33
5215.jpg,35
6137.jpg,34
4740.jpg,34
2781.jpg,38
12578.jpg,35
3507.jpg,35
4902.jpg,32
9409.jpg,30
12710.jpg,33
6790.jpg,38
2724.jpg,32
18478.jpg,30
9431.jpg,32
19149.jpg,38
15024.jpg,32
7613.jpg,34
16764.jpg,36
13804.jpg,29
7094.jpg,39
3314.jpg,32
18366.jpg,37
11341.jpg,39
3846.jpg,37
3649.jpg,29
4580.jpg,31
14733.jpg,33
7019.jpg,33
9678.jpg,33
18275.jpg,29
8908.jpg,32
8814.jpg,25
5922.jpg,33
15257.jpg,37
12692.jpg,31
13347.jpg,32
11150.jpg,32
5925.jpg,32
7885.jpg,31
15665.jpg,30
12078.jpg,24
6692.jpg,33
1557.jpg,26
11811.jpg,36
12042.jpg,35
11886.jpg,29
9806.jpg,35
2777.jpg,34
13606.jpg,39
19755.jpg,29
7020.jpg,28
10945.jpg,36
19047.jpg,19
3926.jpg,37
5792.jpg,35
19013.jpg,31
17662.jpg,32
7197.jpg,35
18274.jpg,32
15054.jpg,36
15080.jpg,29
5632.jpg,34
10908.jpg,29
15000.jpg,30
1697.jpg,31
11203.jpg,30
11651.jpg,30
17038.jpg,31
10311.jpg,34
10885.jpg,29
6332.jpg,38
1066.jpg,36
4160.jpg,33
6880.jpg,29
18506.jpg,30
13293.jpg,32
14159.jpg,38
735.jpg,34
2439.jpg,31
16631.jpg,33
2498.jpg,34
11617.jpg,37
10494.jpg,33
2136.jpg,30
14345.jpg,36
6428.jpg,39
6029.jpg,26
2039.jpg,37
19689.jpg,35
2360.jpg,35
19099.jpg,31
4010.jpg,31
14952.jpg,30
12724.jpg,36
11571.jpg,29
13402.jpg,31
18076.jpg,30
4739.jpg,34
16624.jpg,31
6315.jpg,29
18789.jpg,36
18799.jpg,37
2814.jpg,24
1219.jpg,37
6827.jpg,32
13781.jpg,38
4156.jpg,33
13876.jpg,29
18961.jpg,29
4307.jpg,35
6181.jpg,27
14194.jpg,30
16930.jpg,28
13062.jpg,30
16196.jpg,37
13909.jpg,36
9363.jpg,31
14724.jpg,27
16022.jpg,34
8057.jpg,39
10498.jpg,33
2046.jpg,37
4903.jpg,33
7677.jpg,37
8898.jpg,34
19791.jpg,30
3698.jpg,33
9558.jpg,33
17624.jpg,34
15730.jpg,39
3984.jpg,33
4982.jpg,30
3978.jpg,31
9430.jpg,33
17704.jpg,31
14667.jpg,32
5667.jpg,40
5749.jpg,38
8409.jpg,32
12914.jpg,36
10946.jpg,34
15304.jpg,31
14403.jpg,32
17085.jpg,33
5128.jpg,24
11681.jpg,34
1026.jpg,31
6714.jpg,37
18224.jpg,29
17113.jpg,35
15516.jpg,31
16120.jpg,34
9406.jpg,27
10705.jpg,35
2885.jpg,27
9948.jpg,29
7003.jpg,31
18791.jpg,38
3860.jpg,33
13391.jpg,32
17927.jpg,35
3769.jpg,34
8694.jpg,30
14128.jpg,30
16308.jpg,31
9792.jpg,34
2701.jpg,30
6824.jpg,30
16614.jpg,31
631.jpg,30
11403.jpg,34
11629.jpg,26
1119.jpg,32
2290.jpg,33
7068.jpg,32
14467.jpg,41
13651.jpg,35
12139.jpg,31
2184.jpg,34
19319.jpg,35
17174.jpg,32
12268.jpg,32
17080.jpg,27
274.jpg,30
2958.jpg,35
13912.jpg,37
1804.jpg,31
7070.jpg,37
10549.jpg,27
11504.jpg,35
8214.jpg,31
12925.jpg,32
4387.jpg,31
6874.jpg,29
16273.jpg,33
14462.jpg,36
9243.jpg,37
6385.jpg,37
11165.jpg,36
285.jpg,30
19821.jpg,33
19183.jpg,33
8969.jpg,30
8918.jpg,28
7468.jpg,36
5846.jpg,35
549.jpg,37
14989.jpg,34
18905.jpg,31
16934.jpg,31
6504.jpg,34
6161.jpg,33
5500.jpg,31
13888.jpg,31
2856.jpg,34
17156.jpg,38
3405.jpg,33
12471.jpg,34
13821.jpg,35
16952.jpg,34
2898.jpg,40
2067.jpg,30
13670.jpg,33
2992.jpg,40
16950.jpg,35
9469.jpg,33
3207.jpg,30
8819.jpg,27
10107.jpg,35
8508.jpg,33
11223.jpg,32
10280.jpg,39
12579.jpg,31
1358.jpg,36
15550.jpg,33
12066.jpg,31
3211.jpg,27
4730.jpg,30
2255.jpg,31
13496.jpg,35
19040.jpg,33
14050.jpg,35
19550.jpg,35
19320.jpg,32
10495.jpg,34
15532.jpg,31
7722.jpg,30
8441.jpg,32
14781.jpg,28
15431.jpg,29
13389.jpg,39
5652.jpg,31
17114.jpg,29
16708.jpg,37
10502.jpg,33
18459.jpg,33
49.jpg,36
9367.jpg,34
18441.jpg,31
19439.jpg,28
16180.jpg,29
9931.jpg,28
14224.jpg,34
18380.jpg,32
1303.jpg,33
18867.jpg,30
12429.jpg,31
16970.jpg,36
15258.jpg,32
9531.jpg,30
9248.jpg,36
3579.jpg,32
15867.jpg,27
3668.jpg,36
426.jpg,37
19762.jpg,32
18436.jpg,33
18612.jpg,35
16645.jpg,33
19022.jpg,36
4252.jpg,30
13169.jpg,32
11551.jpg,35
18556.jpg,41
16688.jpg,39
11237.jpg,27
10501.jpg,30
3425.jpg,31
13833.jpg,37
16125.jpg,35
9075.jpg,34
11292.jpg,34
16213.jpg,35
54.jpg,33
11217.jpg,33
6075.jpg,36
11896.jpg,38
14784.jpg,36
401.jpg,33
5512.jpg,28
7877.jpg,33
11229.jpg,35
5274.jpg,32
14856.jpg,30
17931.jpg,29
16992.jpg,31
18760.jpg,39
7510.jpg,31
9872.jpg,38
1722.jpg,35
4043.jpg,34
5833.jpg,31
19521.jpg,29
12105.jpg,36
5970.jpg,38
7150.jpg,33
13294.jpg,34
5784.jpg,36
8056.jpg,30
14735.jpg,33
19494.jpg,28
5331.jpg,29
5572.jpg,30
6580.jpg,34
18008.jpg,34
11263.jpg,31
8323.jpg,34
6013.jpg,33
18583.jpg,31
8246.jpg,41
18688.jpg,30
4807.jpg,33
18161.jpg,32
608.jpg,36
10299.jpg,40
8900.jpg,38
19.jpg,34
16570.jpg,35
8603.jpg,34
8241.jpg,47
5503.jpg,34
10675.jpg,32
19067.jpg,39
2878.jpg,33
4596.jpg,33
18996.jpg,37
9923.jpg,39
19567.jpg,32
16187.jpg,39
17614.jpg,35
10572.jpg,36
3682.jpg,31
14991.jpg,32
19132.jpg,26
18414.jpg,41
18604.jpg,35
9571.jpg,31
6717.jpg,29
4488.jpg,38
9978.jpg,36
7814.jpg,33
14459.jpg,35
6070.jpg,32
5665.jpg,34
3948.jpg,29
17571.jpg,30
12364.jpg,31
18111.jpg,39
13300.jpg,41
12960.jpg,40
12269.jpg,36
17799.jpg,33
18100.jpg,38
12599.jpg,33
1983.jpg,37
5381.jpg,37
18330.jpg,35
14825.jpg,36
18646.jpg,32
5352.jpg,40
4496.jpg,30
10384.jpg,32
657.jpg,37
7182.jpg,34
751.jpg,29
2081.jpg,31
12072.jpg,30
5894.jpg,29
17600.jpg,41
12882.jpg,35
843.jpg,35
9091.jpg,34
17938.jpg,30
16266.jpg,35
18403.jpg,35
5826.jpg,41
7918.jpg,28
8170.jpg,41
14582.jpg,32
4564.jpg,31
553.jpg,31
12923.jpg,32
8463.jpg,27
9781.jpg,35
10961.jpg,29
576.jpg,34
18362.jpg,28
11409.jpg,35
14617.jpg,31
47.jpg,33
4028.jpg,38
14133.jpg,32
11055.jpg,38
15123.jpg,34
6211.jpg,32
5421.jpg,36
1215.jpg,34
19300.jpg,36
1944.jpg,31
16277.jpg,34
1450.jpg,38
19282.jpg,31
3189.jpg,32
11419.jpg,28
5992.jpg,49
2403.jpg,25
12701.jpg,31
7241.jpg,34
10305.jpg,27
9085.jpg,35
12033.jpg,27
13977.jpg,37
3508.jpg,28
2168.jpg,35
10250.jpg,40
10352.jpg,32
19123.jpg,35
13570.jpg,32
19392.jpg,32
10476.jpg,31
9696.jpg,29
12549.jpg,26
1213.jpg,30
14626.jpg,38
19700.jpg,34
16017.jpg,34
4738.jpg,30
16494.jpg,38
11532.jpg,35
9097.jpg,34
9022.jpg,39
12834.jpg,39
744.jpg,32
11451.jpg,27
9501.jpg,35
11898.jpg,29
18022.jpg,33
3105.jpg,32
14851.jpg,33
13250.jpg,36
12495.jpg,38
18434.jpg,27
16008.jpg,37
729.jpg,31
1640.jpg,28
14787.jpg,31
19462.jpg,38
10784.jpg,35
542.jpg,31
13473.jpg,36
3617.jpg,37
18351.jpg,37
16329.jpg,30
10834.jpg,26
18040.jpg,36
241.jpg,36
11981.jpg,32
16829.jpg,35
7360.jpg,36
10873.jpg,34
13653.jpg,37
1952.jpg,30
13674.jpg,34
17930.jpg,33
1594.jpg,29
9801.jpg,29
12900.jpg,32
10556.jpg,31
17126.jpg,30
11666.jpg,34
16304.jpg,35
15111.jpg,31
15662.jpg,36
2078.jpg,38
15287.jpg,29
19505.jpg,34
11024.jpg,29
19507.jpg,36
6480.jpg,38
0.jpg,35
11786.jpg,29
9720.jpg,31
19498.jpg,34
16745.jpg,33
14048.jpg,34
12213.jpg,34
11782.jpg,35
6455.jpg,29
2066.jpg,34
13405.jpg,33
3588.jpg,37
2271.jpg,30
17496.jpg,33
19289.jpg,27
9226.jpg,32
8886.jpg,23
11909.jpg,35
5163.jpg,37
18132.jpg,37
13071.jpg,33
14093.jpg,31
9482.jpg,31
17996.jpg,33
13406.jpg,24
11429.jpg,36
16862.jpg,34
18235.jpg,36
9729.jpg,46
11433.jpg,30
8951.jpg,30
13720.jpg,33
14604.jpg,39
12393.jpg,31
14131.jpg,28
14157.jpg,32
18101.jpg,30
6936.jpg,28
19231.jpg,33
17373.jpg,37
5035.jpg,39
3776.jpg,35
4371.jpg,26
3570.jpg,38
18712.jpg,35
12785.jpg,36
19031.jpg,33
9362.jpg,39
7109.jpg,30
7085.jpg,33
13991.jpg,33
1175.jpg,34
9831.jpg,31
8527.jpg,39
7285.jpg,35
14405.jpg,32
10777.jpg,36
4699.jpg,35
9912.jpg,30
17707.jpg,38
6143.jpg,37
16547.jpg,36
13911.jpg,35
6661.jpg,34
5800.jpg,35
8272.jpg,33
14507.jpg,33
4634.jpg,26
4935.jpg,42
4475.jpg,35
16425.jpg,38
3820.jpg,31
1166.jpg,31
6409.jpg,35
13180.jpg,33
9936.jpg,34
16996.jpg,35
10872.jpg,35
15027.jpg,34
5348.jpg,32
1783.jpg,27
1413.jpg,37
1130.jpg,28
19741.jpg,36
12918.jpg,43
9919.jpg,38
13532.jpg,39
11816.jpg,33
14725.jpg,31
3410.jpg,33
7983.jpg,32
10768.jpg,34
17919.jpg,33
14967.jpg,39
13771.jpg,34
7664.jpg,31
7898.jpg,36
4896.jpg,39
4816.jpg,35
7615.jpg,31
6725.jpg,35
13453.jpg,38
12443.jpg,35
11760.jpg,32
17390.jpg,39
13608.jpg,31
5814.jpg,37
18439.jpg,32
18342.jpg,35
15538.jpg,32
15799.jpg,37
12386.jpg,35
11854.jpg,45
18318.jpg,32
18629.jpg,33
3242.jpg,32
15201.jpg,30
14676.jpg,36
9328.jpg,34
18001.jpg,34
8178.jpg,38
11309.jpg,37
14624.jpg,34
8375.jpg,33
12362.jpg,33
16997.jpg,33
18376.jpg,33
4293.jpg,28
13103.jpg,27
4037.jpg,29
19501.jpg,30
13847.jpg,34
17451.jpg,35
14613.jpg,37
5168.jpg,38
13988.jpg,30
17891.jpg,36
7030.jpg,38
483.jpg,29
8944.jpg,28
1315.jpg,36
3015.jpg,34
17124.jpg,36
18770.jpg,38
9708.jpg,36
14760.jpg,31
5857.jpg,32
4165.jpg,35
12969.jpg,32
18558.jpg,40
5554.jpg,30
2485.jpg,36
11860.jpg,38
8554.jpg,37
5525.jpg,36
18661.jpg,32
907.jpg,37
1576.jpg,34
19663.jpg,34
12326.jpg,32
5709.jpg,37
1339.jpg,32
19506.jpg,33
6756.jpg,33
8574.jpg,34
19161.jpg,29
16665.jpg,36
11732.jpg,28
10302.jpg,33
1989.jpg,33
12510.jpg,17
8453.jpg,37
16668.jpg,32
5418.jpg,35
15809.jpg,40
12457.jpg,37
14370.jpg,34
5584.jpg,32
17627.jpg,36
121.jpg,39
2609.jpg,34
15872.jpg,37
19045.jpg,35
13282.jpg,34
16976.jpg,31
16276.jpg,35
16795.jpg,45
953.jpg,36
8194.jpg,36
7575.jpg,37
6348.jpg,36
12830.jpg,38
15319.jpg,38
8478.jpg,29
4688.jpg,35
11498.jpg,29
4741.jpg,37
2540.jpg,37
5453.jpg,36
1270.jpg,30
19411.jpg,34
5195.jpg,35
1691.jpg,31
12357.jpg,31
17236.jpg,30
11903.jpg,39
2727.jpg,31
10008.jpg,35
16366.jpg,35
18775.jpg,34
10391.jpg,35
2974.jpg,32
16383.jpg,38
14673.jpg,37
17074.jpg,34
2045.jpg,31
17422.jpg,33
6935.jpg,35
19518.jpg,29
2736.jpg,36
17471.jpg,35
1208.jpg,32
14621.jpg,41
8225.jpg,35
3836.jpg,31
8300.jpg,32
9098.jpg,36
16885.jpg,34
15330.jpg,37
17299.jpg,31
1090.jpg,30
3120.jpg,33
19078.jpg,33
14605.jpg,32
15973.jpg,33
1533.jpg,31
14936.jpg,33
1411.jpg,30
19256.jpg,38
9498.jpg,30
3200.jpg,37
7654.jpg,31
2614.jpg,23
16214.jpg,33
2546.jpg,30
17211.jpg,38
15452.jpg,35
19767.jpg,30
13538.jpg,37
2664.jpg,33
14137.jpg,36
8824.jpg,40
14303.jpg,36
15052.jpg,35
16672.jpg,32
6051.jpg,34
17141.jpg,33
8542.jpg,33
8008.jpg,34
5885.jpg,31
16192.jpg,41
13459.jpg,32
10684.jpg,32
17296.jpg,30
10399.jpg,39
5900.jpg,35
2950.jpg,42
5385.jpg,27
1393.jpg,33
7222.jpg,37
13755.jpg,29
14769.jpg,33
6891.jpg,46
3014.jpg,32
17848.jpg,35
18122.jpg,34
12131.jpg,33
3931.jpg,37
7626.jpg,35
16472.jpg,34
12904.jpg,35
4972.jpg,36
13148.jpg,33
1767.jpg,32
7691.jpg,34
8213.jpg,38
9598.jpg,33
12555.jpg,34
10317.jpg,33
9253.jpg,30
7567.jpg,33
5472.jpg,29
14843.jpg,44
11688.jpg,35
7858.jpg,29
6760.jpg,38
18413.jpg,39
8117.jpg,36
18140.jpg,33
3489.jpg,31
12314.jpg,31
11614.jpg,38
12953.jpg,36
16714.jpg,32
7639.jpg,33
5549.jpg,38
1002.jpg,40
1061.jpg,37
8510.jpg,30
18422.jpg,34
4768.jpg,31
4388.jpg,33
15783.jpg,25
14380.jpg,28
9568.jpg,32
13637.jpg,37
19788.jpg,33
4540.jpg,32
17666.jpg,26
6087.jpg,35
6525.jpg,31
17179.jpg,27
10752.jpg,31
10609.jpg,30
16073.jpg,36
7772.jpg,37
2146.jpg,32
17206.jpg,40
4333.jpg,31
2662.jpg,28
8675.jpg,32
14014.jpg,29
18233.jpg,34
7053.jpg,35
19738.jpg,36
586.jpg,36
9975.jpg,31
10533.jpg,32
3194.jpg,33
16025.jpg,30
2953.jpg,32
2266.jpg,33
5598.jpg,39
4375.jpg,34
5597.jpg,36
11492.jpg,37
5382.jpg,31
16387.jpg,36
6698.jpg,36
16343.jpg,35
17065.jpg,40
3826.jpg,30
4148.jpg,35
3965.jpg,29
7944.jpg,30
13242.jpg,45
3498.jpg,33
16186.jpg,37
9771.jpg,31
18470.jpg,32
11013.jpg,31
2638.jpg,39
8364.jpg,31
9541.jpg,31
9331.jpg,28
6544.jpg,28
4279.jpg,35
11364.jpg,38
10208.jpg,39
7760.jpg,25
13064.jpg,24
12484.jpg,31
8291.jpg,38
8757.jpg,40
2442.jpg,38
14554.jpg,35
13082.jpg,32
7889.jpg,34
16141.jpg,34
1570.jpg,33
1398.jpg,30
2281.jpg,34
19075.jpg,30
11612.jpg,32
8344.jpg,31
2021.jpg,35
10092.jpg,35
17023.jpg,22
7363.jpg,33
4393.jpg,41
15888.jpg,35
19473.jpg,27
4745.jpg,36
9887.jpg,29
2002.jpg,34
18551.jpg,33
2556.jpg,37
3699.jpg,29
2305.jpg,32
4193.jpg,32
9680.jpg,38
7571.jpg,32
902.jpg,31
7321.jpg,36
6946.jpg,34
181.jpg,27
1063.jpg,31
15174.jpg,33
18090.jpg,28
4639.jpg,33
1853.jpg,37
3571.jpg,38
8885.jpg,37
3652.jpg,35
9412.jpg,36
14998.jpg,31
4731.jpg,35
10957.jpg,34
8735.jpg,32
18341.jpg,30
19106.jpg,34
4941.jpg,29
18068.jpg,35
1926.jpg,35
7472.jpg,29
16563.jpg,39
10982.jpg,36
12586.jpg,30
4463.jpg,35
50.jpg,35
18819.jpg,29
15336.jpg,32
2497.jpg,34
9512.jpg,41
7873.jpg,31
9014.jpg,29
4751.jpg,41
17714.jpg,39
2458.jpg,44
17202.jpg,34
19808.jpg,34
10812.jpg,36
12216.jpg,38
6814.jpg,29
5394.jpg,33
5858.jpg,39
11934.jpg,34
16218.jpg,32
10411.jpg,34
8517.jpg,31
5732.jpg,33
15477.jpg,41
9527.jpg,33
18876.jpg,27
8196.jpg,28
1097.jpg,35
16174.jpg,35
5625.jpg,33
11339.jpg,34
3721.jpg,30
17641.jpg,32
17794.jpg,31
18505.jpg,34
205.jpg,34
14650.jpg,37
8773.jpg,36
6699.jpg,40
2086.jpg,28
11805.jpg,34
12191.jpg,30
18029.jpg,31
15816.jpg,41
6352.jpg,26
5532.jpg,36
12888.jpg,34
5107.jpg,26
16883.jpg,37
10091.jpg,30
18736.jpg,32
431.jpg,30
2533.jpg,25
2202.jpg,31
1572.jpg,30
11153.jpg,35
16302.jpg,32
13601.jpg,39
1277.jpg,35
6098.jpg,32
7417.jpg,33
12276.jpg,31
5333.jpg,27
18374.jpg,34
11025.jpg,28
13418.jpg,32
4981.jpg,27
3919.jpg,39
4205.jpg,35
10477.jpg,32
11038.jpg,31
19523.jpg,32
1372.jpg,39
884.jpg,28
18843.jpg,30
1039.jpg,35
14107.jpg,35
1470.jpg,37
13099.jpg,37
293.jpg,32
2445.jpg,35
6383.jpg,33
8591.jpg,23
12374.jpg,40
11218.jpg,25
11019.jpg,40
5304.jpg,34
12047.jpg,29
17833.jpg,43
2095.jpg,39
18143.jpg,39
17890.jpg,35
3477.jpg,36
1194.jpg,36
2636.jpg,32
1010.jpg,37
8455.jpg,33
19843.jpg,33
16561.jpg,40
3433.jpg,31
5144.jpg,38
7720.jpg,35
16604.jpg,32
9222.jpg,33
9723.jpg,41
6534.jpg,45
19728.jpg,37
900.jpg,31
6306.jpg,33
934.jpg,35
6193.jpg,34
8889.jpg,32
13152.jpg,37
11315.jpg,37
19280.jpg,34
3302.jpg,36
1343.jpg,34
13315.jpg,33
359.jpg,35
5252.jpg,29
10129.jpg,30
18385.jpg,35
6831.jpg,29
959.jpg,38
9725.jpg,35
1148.jpg,38
2954.jpg,36
7466.jpg,33
2051.jpg,32
12872.jpg,29
2054.jpg,35
11028.jpg,36
2501.jpg,31
6195.jpg,42
14097.jpg,31
10887.jpg,34
19475.jpg,30
10807.jpg,33
2323.jpg,31
222.jpg,38
19164.jpg,36
18740.jpg,38
17066.jpg,29
15387.jpg,29
3156.jpg,33
668.jpg,38
19316.jpg,34
10511.jpg,36
12584.jpg,36
12114.jpg,32
13191.jpg,36
3922.jpg,42
6613.jpg,31
13464.jpg,33
15763.jpg,26
7603.jpg,30
4742.jpg,37
10124.jpg,32
5990.jpg,33
14435.jpg,27
14747.jpg,20
17509.jpg,31
6141.jpg,32
6369.jpg,27
17276.jpg,31
19389.jpg,27
18536.jpg,31
11701.jpg,37
10830.jpg,31
14053.jpg,33
10154.jpg,30
4097.jpg,36
3589.jpg,37
1056.jpg,30
4045.jpg,37
17323.jpg,25
6340.jpg,34
2394.jpg,37
459.jpg,33
8165.jpg,31
12733.jpg,25
14021.jpg,35
4351.jpg,36
13069.jpg,35
12511.jpg,37
12723.jpg,37
18438.jpg,29
5019.jpg,38
8157.jpg,30
2157.jpg,32
6301.jpg,35
17574.jpg,39
5198.jpg,35
3537.jpg,33
12094.jpg,29
10497.jpg,36
7457.jpg,28
15929.jpg,36
13173.jpg,33
2746.jpg,27
8660.jpg,31
13802.jpg,30
102.jpg,31
7199.jpg,35
1661.jpg,32
6405.jpg,28
2684.jpg,33
16254.jpg,34
8280.jpg,29
5129.jpg,37
14040.jpg,31
17895.jpg,28
1694.jpg,31
6095.jpg,32
1065.jpg,33
19238.jpg,24
7541.jpg,31
14152.jpg,33
3821.jpg,35
7157.jpg,34
15175.jpg,35
3971.jpg,25
3479.jpg,31
7703.jpg,31
720.jpg,35
6202.jpg,31
34.jpg,31
11423.jpg,32
13019.jpg,34
2358.jpg,32
11286.jpg,32
14987.jpg,30
14925.jpg,33
8079.jpg,39
2608.jpg,30
6119.jpg,37
937.jpg,33
396.jpg,28
19641.jpg,33
13373.jpg,33
18314.jpg,34
12929.jpg,36
7365.jpg,27
2134.jpg,34
4743.jpg,27
9640.jpg,30
4672.jpg,33
8550.jpg,32
16374.jpg,26
8815.jpg,34
9525.jpg,27
3119.jpg,36
13561.jpg,33
13758.jpg,36
1210.jpg,35
3887.jpg,43
17155.jpg,40
4794.jpg,31
1085.jpg,35
4771.jpg,36
9939.jpg,31
5106.jpg,34
6209.jpg,40
14532.jpg,42
10149.jpg,37
11915.jpg,27
19833.jpg,37
3752.jpg,29
8403.jpg,44
17237.jpg,32
3901.jpg,30
3379.jpg,39
2635.jpg,37
12983.jpg,31
1458.jpg,34
6705.jpg,24
1318.jpg,33
1769.jpg,34
16269.jpg,34
10166.jpg,33
8203.jpg,34
2583.jpg,30
4885.jpg,28
3609.jpg,35
3334.jpg,37
7840.jpg,40
3562.jpg,31
8126.jpg,38
1475.jpg,37
130.jpg,31
14817.jpg,38
7881.jpg,34
7886.jpg,41
8863.jpg,30
5547.jpg,28
2751.jpg,26
13715.jpg,29
17428.jpg,29
6600.jpg,34
8952.jpg,38
1825.jpg,31
15392.jpg,32
9192.jpg,31
339.jpg,34
6918.jpg,40
16447.jpg,33
6669.jpg,32
10381.jpg,27
4527.jpg,33
19404.jpg,32
7922.jpg,36
3934.jpg,31
11488.jpg,35
10221.jpg,31
2216.jpg,35
8866.jpg,32
2995.jpg,30
9058.jpg,34
16621.jpg,37
13572.jpg,33
14653.jpg,39
18931.jpg,38
15203.jpg,26
14816.jpg,30
14620.jpg,30
8373.jpg,34
16172.jpg,41
13761.jpg,31
655.jpg,32
17225.jpg,41
15243.jpg,28
2589.jpg,32
14694.jpg,31
6556.jpg,35
16752.jpg,32
3350.jpg,32
4832.jpg,27
3223.jpg,36
12729.jpg,36
18021.jpg,34
7172.jpg,36
17013.jpg,37
3615.jpg,45
19717.jpg,29
449.jpg,32
7582.jpg,35
19746.jpg,33
16359.jpg,31
10030.jpg,37
13856.jpg,29
17853.jpg,27
19348.jpg,34
16480.jpg,30
8158.jpg,36
535.jpg,40
14103.jpg,35
4417.jpg,30
15182.jpg,35
18339.jpg,30
2425.jpg,31
1836.jpg,34
15844.jpg,36
4609.jpg,26
4510.jpg,37
7267.jpg,33
15279.jpg,34
8161.jpg,33
14581.jpg,33
2680.jpg,44
9150.jpg,28
8965.jpg,26
1890.jpg,35
1038.jpg,39
5219.jpg,34
5217.jpg,36
15541.jpg,34
17326.jpg,38
6775.jpg,37
1870.jpg,34
4770.jpg,37
15677.jpg,29
7516.jpg,28
8839.jpg,30
17657.jpg,33
5834.jpg,30
6712.jpg,33
1688.jpg,35
7682.jpg,35
10802.jpg,33
7097.jpg,40
196.jpg,38
518.jpg,36
15267.jpg,37
8421.jpg,34
10547.jpg,36
841.jpg,32
18209.jpg,34
7948.jpg,30
13875.jpg,26
19819.jpg,33
18186.jpg,29
18041.jpg,35
4974.jpg,33
4345.jpg,33
7648.jpg,31
6847.jpg,31
14600.jpg,32
15204.jpg,25
454.jpg,28
17713.jpg,32
18106.jpg,35
2862.jpg,29
12717.jpg,35
13747.jpg,32
182.jpg,30
12238.jpg,33
16794.jpg,27
5297.jpg,32
2522.jpg,30
16071.jpg,31
4843.jpg,27
10425.jpg,30
19321.jpg,36
99.jpg,30
4245.jpg,33
19441.jpg,32
5954.jpg,34
8665.jpg,42
8390.jpg,32
7458.jpg,26
17166.jpg,32
4166.jpg,31
15075.jpg,31
14836.jpg,35
14657.jpg,31
1707.jpg,31
254.jpg,31
15455.jpg,41
19568.jpg,33
1302.jpg,27
11243.jpg,35
13023.jpg,31
10325.jpg,35
19787.jpg,38
6750.jpg,33
18242.jpg,32
17845.jpg,33
13049.jpg,40
19866.jpg,33
933.jpg,31
17720.jpg,36
16836.jpg,34
13591.jpg,30
8046.jpg,31
2518.jpg,32
5380.jpg,34
1373.jpg,33
13439.jpg,21
4101.jpg,45
18947.jpg,36
11497.jpg,26
2009.jpg,42
16156.jpg,28
11709.jpg,37
17656.jpg,33
4528.jpg,35
6440.jpg,37
2912.jpg,31
12252.jpg,37
2874.jpg,37
7176.jpg,27
17760.jpg,39
1037.jpg,32
6418.jpg,36
2704.jpg,36
11794.jpg,43
12604.jpg,31
7796.jpg,33
6020.jpg,33
6813.jpg,36
7110.jpg,33
5888.jpg,33
6501.jpg,38
2848.jpg,37
17767.jpg,33
19869.jpg,29
4347.jpg,32
9530.jpg,34
17777.jpg,30
8993.jpg,33
5610.jpg,31
19159.jpg,30
9888.jpg,37
11289.jpg,40
5714.jpg,34
16773.jpg,34
11253.jpg,34
14971.jpg,38
17511.jpg,32
2457.jpg,28
7439.jpg,35
7539.jpg,32
13734.jpg,37
8284.jpg,32
2697.jpg,33
13017.jpg,29
13941.jpg,29
10597.jpg,33
2351.jpg,34
15310.jpg,29
9015.jpg,29
14921.jpg,33
14894.jpg,35
10194.jpg,35
8628.jpg,34
3930.jpg,33
14496.jpg,34
15905.jpg,38
18708.jpg,33
8174.jpg,30
10933.jpg,35
6803.jpg,26
664.jpg,32
5748.jpg,32
11373.jpg,36
6834.jpg,34
7337.jpg,38
13534.jpg,30
9617.jpg,34
9070.jpg,32
19610.jpg,39
8398.jpg,32
16799.jpg,34
14057.jpg,33
10428.jpg,32
12417.jpg,35
5022.jpg,36
1333.jpg,39
14585.jpg,36
19249.jpg,30
2752.jpg,35
15283.jpg,24
8331.jpg,36
4140.jpg,37
1984.jpg,29
14544.jpg,33
2435.jpg,34
9358.jpg,33
812.jpg,32
3947.jpg,33
7831.jpg,34
5764.jpg,37
9616.jpg,34
7276.jpg,31
8725.jpg,28
13361.jpg,34
6607.jpg,30
7660.jpg,30
3669.jpg,37
14522.jpg,33
3920.jpg,29
13896.jpg,33
1280.jpg,36
19343.jpg,33
13138.jpg,35
2981.jpg,33
9157.jpg,34
6245.jpg,37
3794.jpg,37
11696.jpg,32
4149.jpg,38
2813.jpg,28
9387.jpg,36
7300.jpg,30
536.jpg,29
4194.jpg,29
1139.jpg,28
10735.jpg,29
6366.jpg,39
259.jpg,36
10347.jpg,30
15248.jpg,33
5805.jpg,33
5927.jpg,30
724.jpg,32
12956.jpg,35
4629.jpg,39
2003.jpg,31
15081.jpg,32
17697.jpg,34
11808.jpg,30
12437.jpg,31
640.jpg,27
617.jpg,28
474.jpg,31
1310.jpg,34
5527.jpg,34
14932.jpg,36
16834.jpg,29
12113.jpg,30
17672.jpg,39
8774.jpg,31
3251.jpg,28
16455.jpg,35
5671.jpg,35
3394.jpg,37
3547.jpg,38
10525.jpg,37
14222.jpg,32
8486.jpg,32
9233.jpg,38
15291.jpg,30
17590.jpg,28
8544.jpg,28
7330.jpg,37
993.jpg,36
8045.jpg,37
10968.jpg,30
7513.jpg,42
3168.jpg,34
5236.jpg,37
17775.jpg,31
1866.jpg,31
15031.jpg,36
7592.jpg,34
14280.jpg,32
7228.jpg,27
16271.jpg,32
18744.jpg,29
16058.jpg,34
10660.jpg,32
1121.jpg,35
2656.jpg,36
3478.jpg,37
8109.jpg,29
7344.jpg,35
6817.jpg,34
14111.jpg,33
12301.jpg,30
13494.jpg,36
4401.jpg,35
14096.jpg,32
13086.jpg,36
5701.jpg,32
17106.jpg,29
19860.jpg,36
3526.jpg,31
16571.jpg,34
1698.jpg,36
1835.jpg,32
11426.jpg,31
18196.jpg,34
16986.jpg,31
7553.jpg,33
9464.jpg,31
4991.jpg,32
1042.jpg,34
9194.jpg,31
3100.jpg,31
6778.jpg,35
982.jpg,28
7476.jpg,30
15612.jpg,31
5426.jpg,35
13566.jpg,36
4281.jpg,37
18751.jpg,39
10624.jpg,32
7414.jpg,30
10856.jpg,28
1433.jpg,26
4918.jpg,32
11830.jpg,37
6178.jpg,39
6503.jpg,30
14964.jpg,32
19042.jpg,30
377.jpg,27
357.jpg,35
19062.jpg,32
12470.jpg,28
12528.jpg,32
9047.jpg,33
15321.jpg,22
13349.jpg,40
5436.jpg,42
15280.jpg,35
7177.jpg,33
1441.jpg,34
6730.jpg,33
15378.jpg,44
11968.jpg,37
18126.jpg,32
17120.jpg,31
2234.jpg,28
10819.jpg,33
11983.jpg,31
12077.jpg,35
18995.jpg,34
14753.jpg,41
14416.jpg,30
6148.jpg,33
11933.jpg,36
5337.jpg,27
5915.jpg,30
4420.jpg,30
8985.jpg,35
2718.jpg,30
13540.jpg,35
1256.jpg,27
2640.jpg,32
2652.jpg,38
8786.jpg,31
14872.jpg,39
8639.jpg,22
12270.jpg,33
1336.jpg,30
113.jpg,37
5921.jpg,32
6258.jpg,31
8260.jpg,23
13326.jpg,23
11322.jpg,29
12949.jpg,28
12147.jpg,24
14684.jpg,39
14969.jpg,39
11762.jpg,35
380.jpg,33
18182.jpg,35
17207.jpg,30
16178.jpg,37
15928.jpg,30
8704.jpg,44
135.jpg,42
18154.jpg,29
10823.jpg,33
18066.jpg,31
14993.jpg,33
11474.jpg,30
11741.jpg,35
14997.jpg,34
4411.jpg,39
2087.jpg,31
9683.jpg,36
6298.jpg,32
14264.jpg,28
3997.jpg,29
8875.jpg,35
11980.jpg,38
11453.jpg,31
3288.jpg,33
18114.jpg,30
425.jpg,34
15247.jpg,41
16961.jpg,29
9535.jpg,35
10356.jpg,33
5359.jpg,28
6757.jpg,41
14398.jpg,33
12343.jpg,32
5662.jpg,37
6529.jpg,37
7336.jpg,31
3214.jpg,32
13763.jpg,40
1833.jpg,37
3658.jpg,32
13898.jpg,28
8099.jpg,29
19034.jpg,30
15008.jpg,37
9416.jpg,41
12572.jpg,35
17982.jpg,39
14351.jpg,31
19509.jpg,32
6335.jpg,37
653.jpg,44
5438.jpg,36
14830.jpg,29
3234.jpg,34
4755.jpg,28
2726.jpg,30
1113.jpg,33
11993.jpg,36
373.jpg,32
2099.jpg,31
10879.jpg,33
2993.jpg,36
19318.jpg,30
1275.jpg,36
4881.jpg,32
9624.jpg,34
12302.jpg,29
11109.jpg,30
2132.jpg,42
15771.jpg,34
13595.jpg,26
7985.jpg,32
19419.jpg,37
18340.jpg,38
14356.jpg,41
5945.jpg,30
10630.jpg,31
13367.jpg,29
9389.jpg,36
862.jpg,37
8941.jpg,28
12120.jpg,25
11604.jpg,34
1720.jpg,35
18616.jpg,33
14708.jpg,34
17315.jpg,28
18421.jpg,36
6216.jpg,34
638.jpg,35
4132.jpg,46
566.jpg,41
9405.jpg,34
6489.jpg,34
16206.jpg,33
1305.jpg,33
13338.jpg,40
8271.jpg,39
16188.jpg,34
9492.jpg,29
4921.jpg,49
5245.jpg,36
9100.jpg,28
18621.jpg,30
17555.jpg,33
13462.jpg,36
1795.jpg,31
18590.jpg,30
14530.jpg,34
1964.jpg,36
2629.jpg,30
9997.jpg,34
9786.jpg,36
4410.jpg,40
17525.jpg,33
13110.jpg,36
14261.jpg,34
13684.jpg,36
6072.jpg,38
8406.jpg,28
6241.jpg,32
15060.jpg,28
2543.jpg,39
3884.jpg,31
5848.jpg,35
2275.jpg,34
8299.jpg,41
7945.jpg,33
420.jpg,33
284.jpg,32
998.jpg,29
6836.jpg,39
3181.jpg,29
11337.jpg,32
17651.jpg,31
5537.jpg,30
3834.jpg,30
18172.jpg,31
3245.jpg,44
15569.jpg,38
18203.jpg,32
5758.jpg,34
18960.jpg,30
12311.jpg,41
14705.jpg,32
15234.jpg,33
4518.jpg,41
8182.jpg,36
16040.jpg,39
12446.jpg,32
7786.jpg,40
682.jpg,31
5863.jpg,37
17281.jpg,34
150.jpg,46
12619.jpg,34
6023.jpg,28
3411.jpg,34
15738.jpg,32
14668.jpg,33
5460.jpg,35
10509.jpg,34
8642.jpg,44
13953.jpg,32
11882.jpg,34
18050.jpg,32
16441.jpg,41
2661.jpg,34
17438.jpg,37
18334.jpg,36
13702.jpg,38
3788.jpg,30
18056.jpg,34
1276.jpg,31
18741.jpg,37
10537.jpg,34
9188.jpg,32
14898.jpg,38
116.jpg,35
14900.jpg,32
9315.jpg,32
13889.jpg,32
11584.jpg,33
1112.jpg,32
18527.jpg,36
12008.jpg,31
15629.jpg,37
15130.jpg,32
15397.jpg,30
3651.jpg,30
7203.jpg,34
1255.jpg,32
3684.jpg,39
10590.jpg,35
14766.jpg,28
18865.jpg,32
13533.jpg,33
2481.jpg,30
6444.jpg,31
17137.jpg,29
10026.jpg,31
17294.jpg,36
829.jpg,27
6956.jpg,36
1602.jpg,32
15255.jpg,35
3058.jpg,29
14569.jpg,30
10689.jpg,33
10216.jpg,37
13037.jpg,33
11627.jpg,39
11512.jpg,32
8612.jpg,32
5226.jpg,28
17757.jpg,36
13801.jpg,44
16848.jpg,27
1921.jpg,37
10644.jpg,42
9395.jpg,30
16228.jpg,35
19793.jpg,32
7726.jpg,35
10779.jpg,33
3851.jpg,32
3938.jpg,39
5975.jpg,34
6027.jpg,36
17572.jpg,31
14359.jpg,33
14550.jpg,33
14171.jpg,34
15886.jpg,30
3607.jpg,37
12840.jpg,36
1320.jpg,32
12598.jpg,31
9466.jpg,34
11785.jpg,30
168.jpg,33
4973.jpg,37
16050.jpg,26
16737.jpg,32
14200.jpg,36
15949.jpg,32
398.jpg,37
5861.jpg,35
12634.jpg,36
149.jpg,31
3069.jpg,34
9061.jpg,35
94.jpg,33
12281.jpg,39
6062.jpg,32
17986.jpg,33
18133.jpg,30
19191.jpg,31
15199.jpg,29
1496.jpg,29
16042.jpg,31
4489.jpg,40
10742.jpg,27
14218.jpg,25
12243.jpg,30
6958.jpg,51
17673.jpg,32
18485.jpg,29
3746.jpg,39
12098.jpg,28
4630.jpg,37
16640.jpg,30
19740.jpg,32
16916.jpg,40
1929.jpg,34
7683.jpg,40
13613.jpg,34
13526.jpg,34
1967.jpg,33
9655.jpg,33
10456.jpg,30
1634.jpg,34
16983.jpg,35
8030.jpg,35
10605.jpg,27
11766.jpg,33
13433.jpg,33
15698.jpg,38
15003.jpg,33
15911.jpg,39
1479.jpg,39
7704.jpg,30
7596.jpg,30
1498.jpg,29
4989.jpg,33
18247.jpg,31
13600.jpg,40
5561.jpg,39
14765.jpg,29
1332.jpg,40
10126.jpg,26
11391.jpg,32
14258.jpg,35
2688.jpg,33
1714.jpg,30
16594.jpg,38
6593.jpg,29
14904.jpg,30
9990.jpg,36
19094.jpg,32
3855.jpg,29
7180.jpg,38
4113.jpg,32
8031.jpg,40
14695.jpg,36
2715.jpg,32
11233.jpg,38
316.jpg,38
13104.jpg,34
12245.jpg,35
11513.jpg,39
12612.jpg,29
9687.jpg,37
14882.jpg,37
2818.jpg,30
5026.jpg,31
950.jpg,31
9989.jpg,34
4472.jpg,35
4577.jpg,35
30.jpg,36
19124.jpg,35
1639.jpg,38
6243.jpg,37
12123.jpg,38
5817.jpg,36
4456.jpg,34
11687.jpg,37
6835.jpg,34
14778.jpg,35
15511.jpg,40
9468.jpg,32
1965.jpg,39
18220.jpg,25
1584.jpg,33
2025.jpg,30
10334.jpg,30
5268.jpg,34
13685.jpg,32
11304.jpg,28
15456.jpg,35
15940.jpg,30
7017.jpg,23
2928.jpg,25
6913.jpg,37
16931.jpg,30
10206.jpg,24
7202.jpg,32
14742.jpg,35
17219.jpg,36
19624.jpg,25
1593.jpg,37
18523.jpg,40
6357.jpg,32
700.jpg,31
13486.jpg,41
15250.jpg,35
10353.jpg,39
18504.jpg,36
9020.jpg,31
3995.jpg,34
18609.jpg,32
1314.jpg,33
12381.jpg,33
764.jpg,29
8426.jpg,30
4342.jpg,34
5787.jpg,32
5605.jpg,33
17854.jpg,38
9707.jpg,25
19224.jpg,24
38.jpg,37
8062.jpg,36
1455.jpg,36
14463.jpg,33
13187.jpg,31
10430.jpg,37
2894.jpg,32
11062.jpg,37
13310.jpg,36
10049.jpg,38
15396.jpg,27
1053.jpg,32
14754.jpg,37
7997.jpg,31
14780.jpg,30
13799.jpg,26
17858.jpg,31
8647.jpg,36
19228.jpg,39
2807.jpg,34
13993.jpg,36
7356.jpg,41
13354.jpg,33
304.jpg,35
9703.jpg,30
5083.jpg,28
17958.jpg,34
11295.jpg,32
11456.jpg,34
6517.jpg,21
14656.jpg,38
252.jpg,28
511.jpg,31
12933.jpg,36
5809.jpg,32
17093.jpg,42
5711.jpg,30
18415.jpg,36
17721.jpg,30
7908.jpg,31
6962.jpg,32
750.jpg,28
6888.jpg,36
6491.jpg,30
742.jpg,32
19243.jpg,37
176.jpg,33
15642.jpg,31
19539.jpg,38
9144.jpg,28
12711.jpg,29
9452.jpg,29
16558.jpg,39
5483.jpg,33
14516.jpg,25
14158.jpg,33
381.jpg,34
14584.jpg,37
11509.jpg,37
12826.jpg,27
8223.jpg,36
7562.jpg,29
14637.jpg,27
5564.jpg,29
7921.jpg,30
7316.jpg,33
8198.jpg,33
19828.jpg,36
9652.jpg,30
15977.jpg,35
5761.jpg,30
984.jpg,33
439.jpg,31
11248.jpg,30
3781.jpg,32
4909.jpg,33
16469.jpg,27
6896.jpg,32
13089.jpg,31
10603.jpg,33
18644.jpg,37
14533.jpg,35
15472.jpg,31
13257.jpg,37
1226.jpg,35
7775.jpg,34
5550.jpg,30
15065.jpg,35
19092.jpg,35
903.jpg,37
12204.jpg,31
7638.jpg,41
7471.jpg,34
16248.jpg,35
10790.jpg,31
366.jpg,31
10004.jpg,32
3079.jpg,31
11693.jpg,34
3016.jpg,36
15459.jpg,38
16893.jpg,21
10612.jpg,33
1653.jpg,34
15986.jpg,37
3422.jpg,37
15260.jpg,28
5277.jpg,34
15230.jpg,37
15961.jpg,41
1206.jpg,30
15713.jpg,34
11323.jpg,33
14311.jpg,33
1486.jpg,34
12179.jpg,36
14150.jpg,33
85.jpg,31
18507.jpg,29
167.jpg,35
17012.jpg,36
12441.jpg,43
7666.jpg,32
12877.jpg,34
7014.jpg,45
7782.jpg,36
1418.jpg,45
5862.jpg,33
2254.jpg,34
4063.jpg,27
11591.jpg,30
19519.jpg,32
12202.jpg,28
8292.jpg,36
18128.jpg,36
4244.jpg,34
13372.jpg,32
2438.jpg,33
4999.jpg,32
2069.jpg,36
9334.jpg,35
12950.jpg,36
17143.jpg,32
6490.jpg,33
1078.jpg,31
16914.jpg,25
2175.jpg,36
4125.jpg,31
624.jpg,34
14197.jpg,30
19250.jpg,31
4105.jpg,36
3550.jpg,35
16860.jpg,27
15885.jpg,34
147.jpg,36
15148.jpg,34
8352.jpg,35
18268.jpg,28
1354.jpg,33
5170.jpg,35
6002.jpg,31
16593.jpg,34
12844.jpg,33
12545.jpg,52
18817.jpg,33
16130.jpg,31
8195.jpg,36
9293.jpg,32
19167.jpg,35
19798.jpg,31
7713.jpg,33
12487.jpg,33
19840.jpg,33
15962.jpg,29
2447.jpg,27
1887.jpg,34
10063.jpg,29
11731.jpg,39
905.jpg,29
15104.jpg,41
18587.jpg,36
14610.jpg,32
4874.jpg,27
9731.jpg,33
17374.jpg,31
13738.jpg,34
19516.jpg,32
3102.jpg,33
6535.jpg,36
517.jpg,38
15009.jpg,36
9178.jpg,31
9755.jpg,33
9394.jpg,29
11921.jpg,26
15468.jpg,32
4848.jpg,33
4822.jpg,34
16401.jpg,33
6279.jpg,33
6399.jpg,33
13517.jpg,32
5230.jpg,38
14493.jpg,37
5960.jpg,30
9681.jpg,32
15323.jpg,34
13451.jpg,36
3107.jpg,30
2006.jpg,34
7731.jpg,40
5489.jpg,38
2733.jpg,25
6084.jpg,35
14958.jpg,31
1693.jpg,34
17802.jpg,28
8715.jpg,36
4385.jpg,37
16744.jpg,38
8561.jpg,29
3289.jpg,28
17263.jpg,32
2499.jpg,37
15508.jpg,37
5343.jpg,32
16437.jpg,32
17642.jpg,33
16562.jpg,34
9396.jpg,42
7327.jpg,30
15614.jpg,33
9932.jpg,37
19712.jpg,49
2574.jpg,34
15578.jpg,28
14170.jpg,33
4220.jpg,25
11306.jpg,31
9059.jpg,31
7501.jpg,30
13730.jpg,36
12947.jpg,33
11924.jpg,34
6886.jpg,30
6220.jpg,29
4089.jpg,31
8930.jpg,36
6844.jpg,34
8239.jpg,30
17446.jpg,39
16928.jpg,38
3601.jpg,35
12892.jpg,30
18329.jpg,32
16574.jpg,35
18532.jpg,34
11345.jpg,31
2923.jpg,33
13309.jpg,33
1064.jpg,28
8530.jpg,36
15284.jpg,29
14236.jpg,37
1771.jpg,32
332.jpg,39
3989.jpg,38
8994.jpg,30
17316.jpg,30
3865.jpg,36
6105.jpg,33
7508.jpg,29
17163.jpg,31
7841.jpg,33
19693.jpg,42
14066.jpg,35
19209.jpg,29
15102.jpg,26
2299.jpg,36
4467.jpg,30
8115.jpg,34
11702.jpg,27
4246.jpg,38
9534.jpg,28
12315.jpg,32
13047.jpg,30
10621.jpg,32
1683.jpg,33
18075.jpg,32
19633.jpg,34
19715.jpg,38
16283.jpg,31
5849.jpg,30
578.jpg,30
8968.jpg,37
334.jpg,32
14628.jpg,32
17172.jpg,38
9622.jpg,32
4585.jpg,34
6252.jpg,27
14490.jpg,30
6285.jpg,30
13961.jpg,33
676.jpg,31
14216.jpg,35
16812.jpg,33
782.jpg,34
17918.jpg,37
7558.jpg,33
18270.jpg,26
1796.jpg,32
13398.jpg,34
17914.jpg,32
17679.jpg,36
18756.jpg,32
14940.jpg,33
19352.jpg,29
18984.jpg,36
15860.jpg,34
3166.jpg,28
4061.jpg,37
7949.jpg,32
19648.jpg,29
2836.jpg,34
12645.jpg,32
17454.jpg,30
1955.jpg,27
5046.jpg,36
8835.jpg,36
19795.jpg,31
5836.jpg,30
8140.jpg,34
11505.jpg,31
9684.jpg,31
533.jpg,36
17528.jpg,34
469.jpg,39
18818.jpg,32
9364.jpg,32
5751.jpg,34
3761.jpg,33
17559.jpg,40
9610.jpg,36
9954.jpg,27
13337.jpg,32
17270.jpg,35
1266.jpg,28
6145.jpg,28
15684.jpg,30
6346.jpg,33
10300.jpg,34
13495.jpg,37
3780.jpg,33
15377.jpg,34
8425.jpg,31
17310.jpg,37
15314.jpg,35
17733.jpg,31
14886.jpg,32
16317.jpg,34
18368.jpg,41
1566.jpg,34
11139.jpg,31
9994.jpg,33
11209.jpg,29
4514.jpg,34
11359.jpg,29
11843.jpg,35
5743.jpg,36
19023.jpg,36
1544.jpg,35
14185.jpg,35
13868.jpg,37
16201.jpg,30
9029.jpg,32
15026.jpg,40
19236.jpg,35
19556.jpg,36
8054.jpg,28
15821.jpg,35
7568.jpg,22
8771.jpg,29
2471.jpg,31
19180.jpg,27
9442.jpg,35
11902.jpg,31
11392.jpg,31
8653.jpg,34
10747.jpg,41
11090.jpg,30
19598.jpg,31
11635.jpg,36
8037.jpg,35
4126.jpg,29
13587.jpg,43
6619.jpg,36
3599.jpg,32
5363.jpg,32
14000.jpg,32
6601.jpg,38
4294.jpg,31
7015.jpg,37
9620.jpg,28
8035.jpg,32
4093.jpg,36
18784.jpg,32
14504.jpg,35
19476.jpg,30
16784.jpg,37
3402.jpg,31
6045.jpg,26
10434.jpg,35
18716.jpg,37
17688.jpg,33
10676.jpg,37
19308.jpg,38
7753.jpg,32
6225.jpg,32
7717.jpg,32
17497.jpg,28
6926.jpg,33
11726.jpg,22
9240.jpg,30
3986.jpg,29
5023.jpg,29
9432.jpg,33
8206.jpg,36
3824.jpg,41
13829.jpg,29
7661.jpg,36
6438.jpg,32
18987.jpg,36
18864.jpg,34
157.jpg,31
10274.jpg,36
188.jpg,35
3577.jpg,30
2493.jpg,28
17620.jpg,31
14812.jpg,34
5940.jpg,32
16474.jpg,33
18484.jpg,29
17594.jpg,40
19698.jpg,34
13569.jpg,35
15068.jpg,34
12248.jpg,39
6223.jpg,32
12065.jpg,31
3013.jpg,30
10256.jpg,30
10969.jpg,32
19000.jpg,43
7676.jpg,29
12821.jpg,28
12250.jpg,36
5937.jpg,31
11275.jpg,29
15345.jpg,35
3639.jpg,40
428.jpg,36
13551.jpg,35
9451.jpg,32
16159.jpg,32
5466.jpg,31
14590.jpg,33
9859.jpg,39
10992.jpg,32
2359.jpg,34
673.jpg,31
16548.jpg,29
9812.jpg,30
19299.jpg,39
5734.jpg,35
12019.jpg,41
2820.jpg,32
7763.jpg,37
13884.jpg,34
2791.jpg,37
9054.jpg,33
6903.jpg,35
19822.jpg,31
16935.jpg,43
1326.jpg,37
12263.jpg,30
7348.jpg,33
18173.jpg,39
915.jpg,31
10615.jpg,34
8255.jpg,30
1650.jpg,24
11482.jpg,34
10883.jpg,31
14919.jpg,34
5081.jpg,29
8139.jpg,36
435.jpg,32
15331.jpg,33
6074.jpg,33
13932.jpg,43
15753.jpg,33
18059.jpg,35
2562.jpg,34
18631.jpg,35
18916.jpg,37
3198.jpg,35
14845.jpg,29
13864.jpg,29
12613.jpg,31
14047.jpg,39
19630.jpg,34
11517.jpg,34
11581.jpg,32
19747.jpg,38
18194.jpg,37
17706.jpg,35
6422.jpg,39
10994.jpg,37
6467.jpg,27
12366.jpg,35
16727.jpg,29
5384.jpg,27
9195.jpg,34
6612.jpg,35
10870.jpg,40
5028.jpg,35
280.jpg,33
11677.jpg,34
5763.jpg,35
7628.jpg,27
16553.jpg,38
19868.jpg,29
1643.jpg,28
1889.jpg,35
12529.jpg,31
11990.jpg,29
12438.jpg,32
3594.jpg,25
2996.jpg,31
4501.jpg,36
14395.jpg,32
16768.jpg,42
3193.jpg,35
10019.jpg,33
10548.jpg,32
6390.jpg,37
18168.jpg,28
18660.jpg,35
7745.jpg,33
575.jpg,42
18772.jpg,39
1352.jpg,33
3902.jpg,38
16855.jpg,37
12016.jpg,31
4154.jpg,27
8916.jpg,30
11541.jpg,37
505.jpg,36
2857.jpg,32
7139.jpg,34
1432.jpg,32
4554.jpg,30
12482.jpg,27
11877.jpg,32
12509.jpg,33
8360.jpg,24
10583.jpg,30
3371.jpg,32
4367.jpg,37
9770.jpg,32
9419.jpg,29
7026.jpg,35
610.jpg,34
14953.jpg,36
15964.jpg,31
16800.jpg,35
18571.jpg,29
9881.jpg,35
13630.jpg,31
14095.jpg,31
15893.jpg,38
17400.jpg,34
11152.jpg,34
3448.jpg,32
13854.jpg,31
4800.jpg,35
7809.jpg,37
16420.jpg,39
14508.jpg,30
11277.jpg,40
17266.jpg,25
7728.jpg,43
12938.jpg,26
5135.jpg,30
3944.jpg,33
8365.jpg,35
4308.jpg,39
2919.jpg,35
3501.jpg,37
13308.jpg,30
4660.jpg,34
13556.jpg,36
17001.jpg,31
5431.jpg,34
11464.jpg,34
5345.jpg,38
448.jpg,35
13012.jpg,32
19037.jpg,36
13458.jpg,35
18924.jpg,38
6198.jpg,37
5282.jpg,33
13741.jpg,33
13119.jpg,33
16840.jpg,30
10803.jpg,36
1127.jpg,27
17004.jpg,27
4407.jpg,34
1799.jpg,32
15663.jpg,34
15342.jpg,37
10329.jpg,33
11833.jpg,39
10527.jpg,36
5015.jpg,36
18567.jpg,31
14861.jpg,33
3441.jpg,33
17830.jpg,31
17184.jpg,33
16998.jpg,29
16355.jpg,40
4288.jpg,37
13244.jpg,37
12116.jpg,33
10242.jpg,38
15519.jpg,32
19629.jpg,38
3260.jpg,29
15501.jpg,32
19225.jpg,30
9543.jpg,39
16265.jpg,34
18897.jpg,37
15484.jpg,34
5070.jpg,34
10117.jpg,30
2947.jpg,34
2840.jpg,38
7907.jpg,35
16837.jpg,37
17157.jpg,36
177.jpg,29
7608.jpg,32
15110.jpg,38
14029.jpg,34
11526.jpg,28
8483.jpg,31
4081.jpg,32
1511.jpg,33
10714.jpg,34
3942.jpg,30
10290.jpg,31
8380.jpg,27
6494.jpg,27
18230.jpg,30
18064.jpg,33
473.jpg,33
12408.jpg,31
8097.jpg,35
19310.jpg,34
13262.jpg,33
18981.jpg,31
7451.jpg,36
15375.jpg,31
8522.jpg,40
6134.jpg,30
10867.jpg,36
1327.jpg,36
12894.jpg,35
3418.jpg,34
9052.jpg,33
12456.jpg,34
5459.jpg,32
1681.jpg,38
1452.jpg,30
775.jpg,39
2109.jpg,31
9380.jpg,31
9942.jpg,26
13668.jpg,37
1365.jpg,31
15320.jpg,29
8785.jpg,29
16754.jpg,35
6373.jpg,32
7852.jpg,31
9051.jpg,28
299.jpg,33
1107.jpg,36
850.jpg,37
19503.jpg,35
16797.jpg,28
7275.jpg,39
15597.jpg,39
2246.jpg,23
19426.jpg,31
13078.jpg,32
3031.jpg,29
1608.jpg,32
15454.jpg,28
5576.jpg,33
8.jpg,36
13028.jpg,36
6186.jpg,33
4040.jpg,40
9236.jpg,35
12403.jpg,36
16732.jpg,31
11654.jpg,33
12477.jpg,36
8830.jpg,35
5101.jpg,38
16088.jpg,27
8136.jpg,37
3097.jpg,32
9050.jpg,32
15051.jpg,30
4787.jpg,30
10031.jpg,33
16678.jpg,30
6286.jpg,28
18248.jpg,36
8854.jpg,47
8816.jpg,33
3657.jpg,30
3706.jpg,32
1190.jpg,36
7100.jpg,33
11838.jpg,31
7453.jpg,33
18113.jpg,27
11518.jpg,38
7800.jpg,30
10043.jpg,38
14513.jpg,32
14927.jpg,38
18499.jpg,36
10977.jpg,32
6478.jpg,40
17889.jpg,39
9701.jpg,43
6270.jpg,35
10011.jpg,38
16179.jpg,37
12998.jpg,37
18095.jpg,32
5568.jpg,38
14640.jpg,31
13376.jpg,33
11206.jpg,34
16577.jpg,30
10282.jpg,33
2478.jpg,37
7346.jpg,34
14081.jpg,35
19603.jpg,36
12548.jpg,35
7201.jpg,44
1808.jpg,35
15163.jpg,28
7827.jpg,32
263.jpg,33
14361.jpg,38
19147.jpg,33
15277.jpg,33
8310.jpg,35
1571.jpg,41
12049.jpg,34
13314.jpg,37
6309.jpg,38
12735.jpg,32
10845.jpg,36
19713.jpg,29
12273.jpg,26
1370.jpg,31
3090.jpg,38
5038.jpg,31
14340.jpg,32
14692.jpg,29
9861.jpg,35
9152.jpg,31
13471.jpg,34
19634.jpg,28
5458.jpg,30
14862.jpg,31
14468.jpg,30
7725.jpg,31
12560.jpg,29
7048.jpg,32
14983.jpg,38
14272.jpg,28
7359.jpg,36
5746.jpg,28
11313.jpg,32
11325.jpg,35
15014.jpg,35
16012.jpg,31
7463.jpg,31
1976.jpg,35
17341.jpg,23
1442.jpg,32
15701.jpg,44
19290.jpg,36
2309.jpg,33
8091.jpg,36
1766.jpg,38
19450.jpg,33
14984.jpg,40
14316.jpg,23
1488.jpg,32
4907.jpg,30
17933.jpg,32
6788.jpg,29
17708.jpg,27
6627.jpg,32
15983.jpg,35
15847.jpg,34
16338.jpg,29
8108.jpg,29
12310.jpg,33
4638.jpg,33
9922.jpg,33
10385.jpg,33
6387.jpg,37
8156.jpg,35
1655.jpg,27
8484.jpg,35
2861.jpg,30
14739.jpg,34
2183.jpg,39
16790.jpg,38
7698.jpg,31
18638.jpg,35
10959.jpg,28
14142.jpg,39
16400.jpg,37
12324.jpg,29
4812.jpg,34
2126.jpg,36
9675.jpg,34
10392.jpg,31
1011.jpg,31
8267.jpg,32
2088.jpg,34
13943.jpg,31
981.jpg,36
5642.jpg,28
8936.jpg,30
4834.jpg,23
8523.jpg,34
5267.jpg,34
14169.jpg,26
7969.jpg,40
1246.jpg,36
7093.jpg,33
2074.jpg,35
12140.jpg,28
17888.jpg,38
13842.jpg,28
8709.jpg,36
3290.jpg,33
914.jpg,33
17027.jpg,34
10927.jpg,33
6215.jpg,34
19587.jpg,36
11603.jpg,28
10393.jpg,28
10657.jpg,33
16342.jpg,30
16065.jpg,37
7735.jpg,28
18899.jpg,35
15213.jpg,28
16922.jpg,35
9504.jpg,35
3387.jpg,33
18559.jpg,32
7307.jpg,29
15041.jpg,29
13681.jpg,26
3813.jpg,29
796.jpg,37
10888.jpg,31
16181.jpg,34
2619.jpg,30
9895.jpg,40
9163.jpg,37
1748.jpg,33
14294.jpg,33
17021.jpg,31
5309.jpg,37
1122.jpg,30
3101.jpg,35
84.jpg,31
10715.jpg,32
17192.jpg,30
13408.jpg,34
10781.jpg,31
3099.jpg,34
12566.jpg,41
10138.jpg,34
16189.jpg,30
14234.jpg,31
10579.jpg,38
13344.jpg,31
12034.jpg,34
17652.jpg,35
5502.jpg,35
13068.jpg,32
11317.jpg,25
13249.jpg,41
14339.jpg,29
5118.jpg,34
2231.jpg,36
13396.jpg,31
3053.jpg,32
13892.jpg,38
12752.jpg,39
14521.jpg,35
1592.jpg,33
4850.jpg,31
15316.jpg,29
14085.jpg,29
16081.jpg,33
8573.jpg,25
3221.jpg,31
16591.jpg,34
8798.jpg,29
3546.jpg,25
10466.jpg,36
2404.jpg,33
16423.jpg,29
5553.jpg,37
3369.jpg,50
12430.jpg,27
7161.jpg,35
7591.jpg,35
17008.jpg,29
11355.jpg,28
15834.jpg,36
8500.jpg,41
13585.jpg,33
14104.jpg,33
434.jpg,30
2528.jpg,29
6052.jpg,35
4856.jpg,32
14146.jpg,29
19470.jpg,34
13259.jpg,37
2834.jpg,36
2203.jpg,33
3445.jpg,28
17407.jpg,29
18614.jpg,31
509.jpg,31
4280.jpg,31
13248.jpg,29
17779.jpg,31
18674.jpg,34
7744.jpg,38
16851.jpg,39
8910.jpg,32
8796.jpg,33
15815.jpg,37
11103.jpg,34
12912.jpg,34
19054.jpg,37
8262.jpg,40
13692.jpg,37
18027.jpg,33
13217.jpg,32
932.jpg,36
18667.jpg,30
15762.jpg,37
10037.jpg,34
15292.jpg,35
3685.jpg,30
3484.jpg,38
12011.jpg,36
12561.jpg,37
15401.jpg,33
6291.jpg,31
15756.jpg,32
3337.jpg,28
1368.jpg,33
15549.jpg,35
16460.jpg,36
1547.jpg,28
15311.jpg,34
2584.jpg,35
9757.jpg,35
7524.jpg,33
18671.jpg,33
18471.jpg,31
1818.jpg,36
7792.jpg,43
8991.jpg,44
353.jpg,40
8948.jpg,44
18828.jpg,38
1082.jpg,34
7132.jpg,34
19464.jpg,38
1935.jpg,36
19691.jpg,33
4899.jpg,41
8025.jpg,35
9926.jpg,32
3991.jpg,32
3447.jpg,40
7303.jpg,33
7578.jpg,29
17363.jpg,30
15720.jpg,33
18305.jpg,27
16108.jpg,33
10522.jpg,34
12247.jpg,38
2564.jpg,32
2918.jpg,33
4595.jpg,33
5157.jpg,37
9352.jpg,26
17678.jpg,36
5321.jpg,33
19721.jpg,36
9191.jpg,33
12804.jpg,32
11503.jpg,33
14833.jpg,32
5142.jpg,32
4993.jpg,36
5155.jpg,30
9844.jpg,41
10646.jpg,34
2291.jpg,29
5654.jpg,28
3603.jpg,36
5094.jpg,26
13132.jpg,36
16428.jpg,31
17489.jpg,40
14506.jpg,39
15176.jpg,35
1659.jpg,32
10608.jpg,32
17349.jpg,35
5716.jpg,35
842.jpg,37
2977.jpg,36
4026.jpg,31
17769.jpg,42
5587.jpg,35
2091.jpg,31
9645.jpg,39
3063.jpg,27
12425.jpg,34
6599.jpg,39
9403.jpg,30
7883.jpg,25
12475.jpg,35
19839.jpg,28
2633.jpg,36
11478.jpg,41
9509.jpg,33
11596.jpg,33
13885.jpg,36
13920.jpg,28
4100.jpg,33
1236.jpg,30
2900.jpg,33
8018.jpg,31
7092.jpg,37
14.jpg,34
4778.jpg,39
2792.jpg,32
2927.jpg,34
8416.jpg,34
7120.jpg,33
17401.jpg,33
13631.jpg,38
17077.jpg,30
5847.jpg,32
18303.jpg,31
14560.jpg,31
2606.jpg,41
2858.jpg,34
13100.jpg,33
16682.jpg,30
5.jpg,27
16134.jpg,32
5012.jpg,35
18255.jpg,33
11624.jpg,36
16810.jpg,32
7897.jpg,34
9693.jpg,34
8576.jpg,24
9252.jpg,32
15082.jpg,34
11187.jpg,33
17801.jpg,28
3362.jpg,32
6126.jpg,39
1938.jpg,30
8739.jpg,39
13018.jpg,36
5683.jpg,35
4870.jpg,35
3877.jpg,32
13111.jpg,34
11881.jpg,27
12256.jpg,36
2884.jpg,35
3714.jpg,33
14341.jpg,36
3480.jpg,35
7779.jpg,32
5069.jpg,36
17139.jpg,32
3027.jpg,37
15010.jpg,34
16925.jpg,33
9853.jpg,35
8922.jpg,33
13745.jpg,37
10186.jpg,40
14808.jpg,35
5465.jpg,35
12303.jpg,41
4705.jpg,32
12240.jpg,30
16270.jpg,34
568.jpg,36
8153.jpg,38
14259.jpg,32
6867.jpg,32
16861.jpg,32
17606.jpg,33
14100.jpg,31
8049.jpg,31
12439.jpg,34
4715.jpg,31
7408.jpg,32
7125.jpg,32
2333.jpg,32
2455.jpg,36
19341.jpg,30
10010.jpg,36
18933.jpg,35
2525.jpg,34
1684.jpg,39
13597.jpg,29
12365.jpg,34
5496.jpg,35
5535.jpg,32
13539.jpg,34
4454.jpg,28
14878.jpg,34
9238.jpg,34
15479.jpg,36
8452.jpg,30
7780.jpg,30
10265.jpg,33
14443.jpg,30
2613.jpg,37
16503.jpg,35
9748.jpg,29
18269.jpg,26
5364.jpg,31
10963.jpg,26
1991.jpg,32
19098.jpg,32
3946.jpg,35
1575.jpg,27
1583.jpg,37
1520.jpg,36
6541.jpg,31
1617.jpg,34
491.jpg,36
3929.jpg,35
19709.jpg,32
8131.jpg,29
4446.jpg,37
1330.jpg,36
5416.jpg,40
8482.jpg,35
10447.jpg,40
12309.jpg,32
10687.jpg,34
5058.jpg,38
3582.jpg,32
6218.jpg,38
17182.jpg,33
18869.jpg,35
2318.jpg,34
16421.jpg,39
405.jpg,38
219.jpg,31
4123.jpg,32
7089.jpg,39
18052.jpg,36
15403.jpg,34
18226.jpg,34
2037.jpg,32
1022.jpg,31
6690.jpg,29
8743.jpg,33
10001.jpg,34
266.jpg,31
15220.jpg,34
7861.jpg,35
19547.jpg,34
3827.jpg,30
15185.jpg,31
13137.jpg,29
8950.jpg,38
11832.jpg,31
2742.jpg,34
4665.jpg,35
10370.jpg,32
1263.jpg,32
11659.jpg,35
3584.jpg,31
7046.jpg,31
6641.jpg,36
8590.jpg,28
8137.jpg,38
4762.jpg,34
10753.jpg,26
1668.jpg,28
9938.jpg,37
16544.jpg,33
19060.jpg,36
7217.jpg,33
16783.jpg,36
6904.jpg,37
13657.jpg,34
13661.jpg,41
11446.jpg,34
3833.jpg,42
12865.jpg,31
10132.jpg,34
4708.jpg,28
7144.jpg,40
9382.jpg,34
5440.jpg,27
8649.jpg,34
14238.jpg,32
13357.jpg,34
19405.jpg,32
17743.jpg,33
8678.jpg,33
6648.jpg,30
758.jpg,32
6421.jpg,28
7115.jpg,32
15006.jpg,31
6206.jpg,31
3592.jpg,26
17605.jpg,28
6848.jpg,35
11907.jpg,40
6311.jpg,27
11443.jpg,26
7976.jpg,34
9515.jpg,27
5617.jpg,38
14795.jpg,37
895.jpg,33
18922.jpg,29
17140.jpg,40
15400.jpg,36
1225.jpg,34
6151.jpg,30
15418.jpg,36
3333.jpg,33
4754.jpg,36
3619.jpg,26
18370.jpg,32
12103.jpg,37
10156.jpg,32
11225.jpg,40
12535.jpg,33
14017.jpg,34
4860.jpg,35
18026.jpg,37
19527.jpg,32
14491.jpg,28
2222.jpg,34
4679.jpg,33
18568.jpg,34
3796.jpg,32
2227.jpg,32
15212.jpg,30
945.jpg,32
1274.jpg,38
4464.jpg,30
7590.jpg,33
19025.jpg,35
7290.jpg,21
15789.jpg,31
17108.jpg,33
9049.jpg,33
8762.jpg,31
19645.jpg,27
10649.jpg,36
17696.jpg,36
6472.jpg,32
18792.jpg,46
10432.jpg,31
16399.jpg,29
2788.jpg,37
4901.jpg,38
1180.jpg,32
10371.jpg,40
6779.jpg,31
17064.jpg,32
6706.jpg,36
5422.jpg,39
3493.jpg,34
15856.jpg,40
1459.jpg,30
6281.jpg,30
18348.jpg,37
5358.jpg,33
9162.jpg,27
18328.jpg,29
11015.jpg,32
12690.jpg,31
7826.jpg,36
1586.jpg,33
1395.jpg,31
10671.jpg,30
6433.jpg,27
3889.jpg,43
18955.jpg,37
16407.jpg,31
13624.jpg,36
5620.jpg,34
7168.jpg,35
4851.jpg,31
6462.jpg,35
12896.jpg,38
15388.jpg,34
14503.jpg,32
6367.jpg,37
4849.jpg,30
3299.jpg,35
11170.jpg,31
9862.jpg,39
6887.jpg,33
12382.jpg,35
13672.jpg,30
3032.jpg,33
3903.jpg,34
2094.jpg,35
4469.jpg,33
2182.jpg,36
15785.jpg,36
4459.jpg,33
16777.jpg,29
17112.jpg,32
9143.jpg,34
1829.jpg,31
6916.jpg,36
8888.jpg,33
4785.jpg,26
9161.jpg,31
12287.jpg,37
2245.jpg,31
1484.jpg,32
16906.jpg,32
8029.jpg,36
10436.jpg,38
3647.jpg,30
4929.jpg,31
5504.jpg,32
11756.jpg,31
12434.jpg,29
12858.jpg,35
3831.jpg,33
11685.jpg,28
13431.jpg,37
6536.jpg,33
12591.jpg,37
6798.jpg,35
14763.jpg,31
4915.jpg,34
12402.jpg,33
12609.jpg,35
16568.jpg,33
7087.jpg,34
9520.jpg,33
468.jpg,37
27.jpg,34
8668.jpg,35
16094.jpg,34
4147.jpg,23
17185.jpg,29
805.jpg,36
19496.jpg,28
12412.jpg,35
8618.jpg,32
19716.jpg,32
11920.jpg,30
6224.jpg,26
1143.jpg,31
10027.jpg,35
2737.jpg,30
13904.jpg,38
6914.jpg,39
14842.jpg,33
12442.jpg,37
11365.jpg,33
8784.jpg,37
13174.jpg,34
13274.jpg,41
19259.jpg,27
12440.jpg,31
16404.jpg,35
3742.jpg,33
83.jpg,30
12780.jpg,26
925.jpg,32
15135.jpg,34
12082.jpg,26
12527.jpg,37
15894.jpg,32
